player_name,player_id,alt_name,MainPos,MainPosNum,mlb_team
Fernando Abad,abadfe01,,,-2,COL
Cory Abbott,abbotco01,,,-2,WSN
CJ Abrams,abramcj01,C.J. Abrams,SS,6,WSN
Albert Abreu,abreual01,,,-2,NYY
Bryan Abreu,abreubr01,,RP,-2,HOU
Jose Abreu,abreujo02,,1B,3,HOU
Domingo Acevedo,acevedo01,,,-2,OAK
Ronald Acuna Jr.,acunaro01,Ronald Acuña Jr.,RF,9,ATL
Willy Adames,adamewi01,,SS,6,MIL
Jason Adam,adamja01,,RP,-2,TBR
Austin Adams,adamsau02,,RP,-2,ARI
Riley Adams,adamsri03,,C,2,WSN
Jo Adell,adelljo01,,CF,8,LAA
Joan Adon,adonjo01,,RP,-2,WSN
Ehire Adrianza,adriaeh01,,3B,5,ATL
Jesus Aguilar,aguilje01,,,3,OAK
Nick Ahmed,ahmedni01,,SS,6,ARI
Keegan Akin,akinke01,,RP,-2,BAL
Hanser Alberto,alberha01,,,5,CHW
Ozzie Albies,albieoz01,,2B,4,ATL
Jorge Alcala,alcaljo01,,RP,-2,MIN
Sandy Alcantara,alcansa01,,SP,-1,MIA
Scott Alexander,alexasc02,,RP,-2,SFG
Tyler Alexander,alexaty01,,RP,-2,DET
Jorge Alfaro,alfarjo01,,C,2,2TM
Kolby Allard,allarko01,,RP,-2,ATL
Greg Allen,allengr01,,CF,8,NYY
Nick Allen,allenni02,,SS,6,OAK
Abraham Almonte,almonab01,,,0,NYM
Yency Almonte,almonye01,,RP,-2,LAD
Pete Alonso,alonspe01,,1B,3,NYM
Jose Altuve,altuvjo01,,2B,4,HOU
Francisco Alvarez,alvarfr01,Francisco Alvarez,C,2,NYM
Jose Alvarado,alvarjo03,,RP,-2,PHI
Yordan Alvarez,alvaryo01,,DH,0,HOU
Adbert Alzolay,alzolad01,,RP,-2,CHC
Brian Anderson,anderbr06,,RF,9,MIL
Chase Anderson,anderch01,,RP,-2,2TM
Ian Anderson,anderia01,,RP,-2,NA
Nick Anderson,anderni01,,RP,-2,ATL
Tim Anderson,anderti01,,2B,4,CHW
Tyler Anderson,anderty01,,SP,-1,LAA
Elvis Andrus,andruel01,,,4,CHW
Miguel Andujar,andujmi01,,3B,5,PIT
Tejay Antone,antonte01,,RP,-2,CIN
Jonathan Aranda,arandjo01,,1B,3,TBR
Jonathan Arauz,arauzjo01,,,5,NYM
Orlando Arcia,arciaor01,,SS,6,ATL
Nolan Arenado,arenano01,,3B,5,STL
Gabriel Arias,ariasga01,,SS,6,CLE
Shawn Armstrong,armstsh01,,RP,-2,TBR
Randy Arozarena,arozara01,,LF,7,TBR
Luis Arraez,arraelu01,,1B,3,MIA
Christian Arroyo,arroych01,,,4,BOS
Aaron Ashby,ashbyaa01,,RP,-2,NA
Graham Ashcraft,ashcrgr01,,RP,-2,CIN
Javier Assad,assadja01,,SP,-1,CHC
Pedro Avila,avilape01,,RP,-2,SDP
Jose Azocar,azocajo01,,DH,0,SDP
Akil Baddoo,baddoak01,,LF,7,DET
Harrison Bader,baderha01,,CF,8,2TM
Ji Hwan Bae,baeji01,,DH,0,PIT
Javier Baez,baezja01,Javier Báez,SS,6,DET
Bryan Baker,bakerbr01,,RP,-2,BAL
Anthony Banda,bandaan01,,RP,-2,WSN
Tanner Banks,banksta01,,RP,-2,CHW
Rylan Bannon,bannory01,,,4,HOU
Daniel Bard,bardda01,,,-2,COL
Joe Barlow,barlojo01,,,-2,TEX
Scott Barlow,barlosc01,,RP,-2,2TM
Austin Barnes,barneau01,,C,2,LAD
Jacob Barnes,barneja01,,RP,-2,STL
Matt Barnes,barnema01,,RP,-2,MIA
Tucker Barnhart,barnhtu01,,C,2,CHC
Kyle Barraclough,barraky01,,,-2,BOS
Tres Barrera,barretr01,,,2,STL
Jaime Barria,barrija01,,,-1,LAA
Joey Bart,bartjo01,,C,2,SFG
Anthony Bass,bassan01,,,-2,TOR
Chris Bassitt,bassich01,,SP,-1,TOR
Matthew Batten,battema01,,1B,3,SDP
Brett Baty,batybr01,,3B,5,NYM
Jake Bauers,bauerja01,,1B,3,NYY
Mike Baumann,baumami01,,RP,-2,BAL
Felix Bautista,bautife01,Félix Bautista,RP,-2,BAL
Eduard Bazardo,bazared01,,RP,-2,2TM
Shane Baz,bazsh01,,SP,-1,NA
Matt Beaty,beatyma01,,,3,2TM
David Bednar,bednada01,,RP,-2,PIT
Jalen Beeks,beeksja02,,RP,-2,TBR
Andrew Bellatti,bellaan01,,,-2,PHI
Cody Bellinger,bellico01,,LF,7,CHC
Josh Bell,belljo02,,DH,0,2TM
Brayan Bello,bellobr01,,SP,-1,BOS
Brandon Belt,beltbr01,,,0,TOR
Anthony Bemboom,bemboan01,,,2,BAL
Andrew Benintendi,beninan01,,LF,7,CHW
Will Benson,bensowi01,,RF,9,CIN
Brennan Bernardino,bernabr01,,RP,-2,BOS
Jose Berrios,berrijo01,José Berríos,SP,-1,TOR
Jon Berti,bertijo01,,3B,5,MIA
Christian Bethancourt,bethach01,,C,2,TBR
Mookie Betts,bettsmo01,,SS,6,LAD
Bo Bichette,bichebo01,,SS,6,TOR
Phil Bickford,bickfph01,,RP,-2,2TM
Shane Bieber,biebesh01,,SP,-1,CLE
Brandon Bielak,bielabr01,,RP,-2,HOU
Cavan Biggio,biggica01,,DH,0,TOR
Jake Bird,birdja01,,RP,-2,COL
Ty Blach,blachty01,,SP,-1,COL
Charlie Blackmon,blackch02,,DH,0,COL
Paul Blackburn,blackpa01,,RP,-2,OAK
Dairon Blanco,blancda02,,DH,0,KCR
Ronel Blanco,blancro01,,SP,-1,HOU
Travis Blankenhorn,blanktr01,,DH,0,WSN
JJ Bleday,bledajj01,,CF,8,OAK
Richard Bleier,bleieri01,,,-2,BOS
Xander Bogaerts,bogaexa01,,SS,6,SDP
Alec Bohm,bohmal01,,3B,5,PHI
Ryan Borucki,borucry01,,RP,-2,PIT
Sean Bouchard,bouchse01,,RF,9,COL
Brad Boxberger,boxbebr01,,,-2,CHC
Matthew Boyd,boydma01,,SP,-1,DET
Silvino Bracho,brachsi01,,,-2,CIN
Kyle Bradish,bradiky01,,SP,-1,BAL
Archie Bradley,bradlar01,,,-2,MIA
Jackie Bradley Jr.,bradlja02,,,8,KCR
Michael Brantley,brantmi02,,,7,HOU
Matt Brash,brashma01,,RP,-2,SEA
Ryan Brasier,brasiry01,,RP,-2,2TM
Huascar Brazoban,brazohu01,,RP,-2,MIA
John Brebbia,brebbjo01,,RP,-2,SFG
Alex Bregman,bregmal01,,3B,5,HOU
Will Brennan,brennwi02,,RF,9,CLE
Colten Brewer,breweco01,,RP,-2,NYY
Jonah Bride,bridejo01,,3B,5,OAK
Beau Brieske,briesbe01,,RP,-2,DET
Jeff Brigham,brighje01,,RP,-2,NYM
Connor Brogdon,brogdco01,,RP,-2,PHI
Mike Brosseau,brossmi01,,,5,MIL
Hunter Brown,brownhu01,,SP,-1,HOU
Seth Brown,brownse01,,DH,0,OAK
Justin Bruihl,bruihju01,,RP,-2,2TM
Vidal Brujan,brujavi01,,DH,0,TBR
Kris Bryant,bryankr01,,DH,0,COL
Kris Bubic,bubickr01,,SP,-1,KCR
Walker Buehler,buehlwa01,,SP,-1,NA
J.B. Bukauskas,bukaujb01,,RP,-2,2TM
Madison Bumgarner,bumgama01,,,-1,ARI
Aaron Bummer,bummeaa01,,RP,-2,CHW
Peyton Burdick,burdipe01,,,9,MIA
Zack Burdi,burdiza01,,,-2,TBR
Jake Burger,burgeja01,,1B,3,2TM
Brock Burke,burkebr01,,RP,-2,TEX
Alec Burleson,burleal01,,1B,3,STL
Corbin Burnes,burneco01,,SP,-1,MIL
Matt Bush,bushma01,,,-2,MIL
Jose Butto,buttojo01,,RP,-2,NYM
Byron Buxton,buxtoby01,,CF,8,MIN
Edward Cabrera,cabreed02,,SP,-1,MIA
Genesis Cabrera,cabrege01,,RP,-2,2TM
Miguel Cabrera,cabremi01,,,0,DET
Oswaldo Cabrera,cabreos01,,3B,5,NYY
Kole Calhoun,calhoko01,,,3,CLE
Willie Calhoun,calhowi01,,DH,0,NYY
Alex Call,callal02,,RF,9,WSN
Johan Camargo,camarjo01,,,6,SFG
Luis Campusano,campulu01,,DH,0,SDP
Jeimer Candelario,candeje01,,3B,5,2TM
Mark Canha,canhama01,,LF,7,2TM
Griffin Canning,cannigr01,,SP,-1,LAA
Yennier Cano,canoye01,,RP,-2,BAL
Conner Capel,capelco01,,DH,0,OAK
Vinny Capra,capravi01,,3B,5,PIT
Victor Caratini,caratvi01,,C,2,MIL
Dylan Carlson,carlsdy01,,LF,7,STL
Drew Carlton,carltdr01,,,-2,SDP
Kerry Carpenter,carpeke01,,RF,9,DET
Matt Carpenter,carpema01,,DH,0,SDP
Carlos Carrasco,carraca01,,SP,-1,NYM
Corbin Carroll,carroco02,,RF,9,ARI
Curt Casali,casalcu01,,C,2,CIN
Triston Casas,casastr01,,1B,3,BOS
Daniel Castano,castada01,,,-2,MIA
Nick Castellanos,casteni01,,RF,9,PHI
Diego Castillo,castidi01,,RP,-2,SEA
Diego Castillo,castidi02,,3B,5,ARI
Jose Castillo,castijo03,,RP,-2,SDP
Luis Castillo,castilu02,,SP,-1,SEA
Max Castillo,castima03,,,-2,KCR
Harold Castro,castrha01,,,4,COL
Miguel Castro,castrmi01,,RP,-2,ARI
Rodolfo Castro,castrro01,,,4,2TM
Willi Castro,castrwi01,,2B,4,MIN
Jake Cave,caveja01,,RF,9,PHI
Dylan Cease,ceasedy01,,SP,-1,CHW
Luis Cessa,cessalu01,,,-1,CIN
Andrew Chafin,chafian01,,RP,-2,2TM
Yu Chang,changyu01,,,6,BOS
Aroldis Chapman,chapmar01,,RP,-2,2TM
Matt Chapman,chapmma01,,3B,5,TOR
JT Chargois,chargjt01,,RP,-2,MIA
Jesse Chavez,chaveje01,,RP,-2,ATL
Michael Chavis,chavimi01,,,4,WSN
Yonny Chirinos,chiriyo01,,SP,-1,2TM
Jazz Chisholm Jr.,chishja01,,2B,4,MIA
Ji-Man Choi,choiji01,,,0,2TM
Adam Cimber,cimbead01,,RP,-2,TOR
Jose Cisnero,cisnejo01,,RP,-2,DET
Aaron Civale,civalaa01,,SP,-1,2TM
Taylor Clarke,clarkta01,,RP,-2,KCR
Emmanuel Clase,claseem01,,RP,-2,CLE
Alex Claudio,claudal01,,,-2,MIL
Garrett Cleavinger,cleavga01,,RP,-2,TBR
Ernie Clement,clemeer01,,3B,5,TOR
Kody Clemens,clemeko01,,1B,3,PHI
Mike Clevinger,clevimi01,,RP,-2,CHW
Alex Cobb,cobbal01,,SP,-1,SFG
Gerrit Cole,colege01,,SP,-1,NYY
Dylan Coleman,colemdy01,,RP,-2,KCR
Zack Collins,colliza01,,,2,CLE
Alex Colome,colomal01,,,-2,CHW
Michael Conforto,confomi01,,LF,7,SFG
Roansy Contreras,contrro01,,RP,-2,PIT
Willson Contreras,contrwi01,,1B,3,STL
William Contreras,contrwi02,,C,2,MIL
Sam Coonrod,coonrsa01,,,-2,NYM
Garrett Cooper,coopega03,,1B,3,2TM
Patrick Corbin,corbipa01,,SP,-1,WSN
Franchy Cordero,cordefr02,,,9,NYY
Carlos Correa,correca01,,SS,6,MIN
Nestor Cortes,cortene01,,SP,-1,NYY
Danny Coulombe,couloda01,,RP,-2,BAL
Jake Cousins,cousija01,,RP,-2,MIL
Brandon Crawford,crawfbr01,,SS,6,SFG
J.P. Crawford,crawfjp01,,SS,6,SEA
Kutter Crawford,crawfku01,,SP,-1,BOS
Nabil Crismatt,crismna01,,SP,-1,2TM
Cooper Criswell,criswco01,,RP,-2,TBR
Garrett Crochet,crochga01,,SP,-1,CHW
C.J. Cron,croncj01,,,3,2TM
Jake Cronenworth,croneja01,,2B,4,SDP
Wil Crowe,crowewi01,,,-2,PIT
Fernando Cruz,cruzfe01,,RP,-2,CIN
Nelson Cruz,cruzne02,,,0,SDP
Oneil Cruz,cruzon01,,CF,8,PIT
Jose Cuas,cuasjo01,,RP,-2,2TM
Johnny Cueto,cuetojo01,,SP,-1,MIA
Charlie Culberson,culbech01,,,0,ATL
Xzavion Curry,curryxz01,,RP,-2,CLE
John Curtiss,curtijo02,,RP,-2,NYM
Tyler Cyr,cyrty01,,,-2,LAD
David Dahl,dahlda01,,LF,7,SDP
Bobby Dalbec,dalbebo01,,1B,3,BOS
Travis d'Arnaud,darnatr01,,C,2,ATL
Yu Darvish,darviyu01,,SP,-1,SDP
Tucker Davidson,davidtu01,,RP,-2,2TM
Zach Davies,davieza02,,,-1,ARI
J.D. Davis,davisjd01,,1B,3,SFG
Jonathan Davis,davisjo05,,,8,MIA
Noah Davis,davisno01,,RP,-2,COL
Yonathan Daza,dazayo01,,,8,COL
Jacob deGrom,degroja01,,SP,-1,TEX
Chase De Jong,dejonch01,,,-2,PIT
Paul DeJong,dejonpa01,,3B,5,3TM
Bryan De La Cruz,delacbr01,,LF,7,MIA
Jason Delay,delayja01,,C,2,PIT
Jose De Leon,deleojo03,,SP,-1,MIN
Enyel De Los Santos,delosen01,,RP,-2,CLE
Yerry De Los Santos,delosye01,,RP,-2,PIT
Matt Dermody,dermoma01,,,-1,BOS
Anthony DeSclafani,desclan01,,RP,-2,SFG
Reid Detmers,detmere01,,RP,-2,LAA
Chris Devenski,devench02,,RP,-2,2TM
Rafael Devers,deverra01,,DH,0,BOS
Aledmys Diaz,diazal02,,SS,6,OAK
Alexis Diaz,diazal03,Alexis Díaz,RP,-2,CIN
Edwin Diaz,diazed04,Edwin Díaz,RP,-2,NA
Elias Diaz,diazel01,,C,2,COL
Isan Diaz,diazis01,,,4,2TM
Jhonathan Diaz,diazjh01,,RP,-2,LAA
Jordan Diaz,diazjo03,,,5,OAK
Miguel Diaz,diazmi02,,RP,-2,DET
Yandy Diaz,diazya01,Yandy Díaz,DH,0,TBR
Yainer Diaz,diazya02,,C,2,HOU
Corey Dickerson,dickeco01,,,7,WSN
Jake Diekman,diekmja01,,RP,-2,2TM
Brandon Dixon,dixonbr01,,,3,SDP
Seranthony Dominguez,dominse01,,RP,-2,PHI
Josh Donaldson,donaljo02,,,5,2TM
Brendan Donovan,donovbr01,,2B,4,STL
Camilo Doval,dovalca01,,RP,-2,SFG
Jeter Downs,downsje01,,,6,WSN
Hunter Dozier,doziehu01,,,5,KCR
Brandon Drury,drurybr01,,2B,4,LAA
Daniel Duarte,duartda01,,RP,-2,CIN
Mauricio Dubon,dubonma01,,LF,7,HOU
Tyler Duffey,duffety01,,RP,-2,CHC
Matt Duffy,duffyma01,,3B,5,KCR
Dane Dunning,dunnida01,,RP,-2,TEX
Justin Dunn,dunnju01,,,0,NA
Ezequiel Duran,duranez01,,SS,6,TEX
Jarren Duran,duranja01,,LF,7,BOS
Jhoan Duran,duranjh01,,RP,-2,MIN
Adam Duvall,duvalad01,,LF,7,BOS
Nate Eaton,eatonna01,,RF,9,KCR
Tommy Edman,edmanto01,,2B,4,STL
Carl Edwards Jr.,edwarca01,,RP,-2,WSN
Zach Eflin,eflinza01,,SP,-1,TBR
Bryce Elder,elderbr01,,SP,-1,ATL
Drew Ellis,ellisdr01,,,3,PHI
Adam Engel,engelad01,,,8,SDP
Nathan Eovaldi,eovalna01,,SP,-1,TEX
Eduardo Escobar,escobed01,,,5,2TM
Paolo Espino,espinpa01,,RP,-2,WSN
Santiago Espinal,espinsa01,,3B,5,TOR
Carlos Estevez,estevca01,Carlos Estévez,RP,-2,LAA
Jeremiah Estrada,estraje01,,RP,-2,CHC
Thairo Estrada,estrath01,,2B,4,SFG
Alex Faedo,faedoal01,,RP,-2,DET
Pete Fairbanks,fairbpe01,,RP,-2,TBR
Stuart Fairchild,faircst01,,RF,9,CIN
Bailey Falter,falteba01,,SP,-1,2TM
Jeurys Familia,familje01,,,-2,OAK
Jake Faria,fariaja01,,,-2,BOS
Buck Farmer,farmebu01,,RP,-2,CIN
Kyle Farmer,farmeky01,,2B,4,MIN
Calvin Faucher,fauchca01,,RP,-2,TBR
Ryan Feltner,feltnry01,,SP,-1,COL
Caleb Ferguson,ferguca01,,RP,-2,LAD
Freddy Fermin,fermifr01,,C,2,KCR
Matt Festa,festama01,,RP,-2,SEA
Kyle Finnegan,finneky01,,RP,-2,WSN
Jack Flaherty,flaheja01,,SP,-1,2TM
Josh Fleming,flemijo01,,RP,-2,TBR
David Fletcher,fletcda02,,2B,4,LAA
Chris Flexen,flexech01,,RP,-2,2TM
Wilmer Flores,florewi01,,DH,0,SFG
Estevan Florial,flories01,,LF,7,NYY
Dylan Floro,florody01,,RP,-2,2TM
Jason Foley,foleyja01,,RP,-2,DET
Mike Ford,fordmi01,,DH,0,SEA
Nick Fortes,forteni01,,C,2,MIA
Jake Fraley,fraleja01,,RF,9,CIN
Bowden Francis,francbo01,,SP,-1,TOR
Ty France,francty01,,1B,3,SEA
Wander Franco,francwa01,,,6,TBR
Adam Frazier,fraziad01,,2B,4,BAL
Clint Frazier,frazicl01,,,9,CHW
Kyle Freeland,freelky01,,SP,-1,COL
Freddie Freeman,freemfr01,,1B,3,LAD
Tyler Freeman,freemty01,,RF,9,CLE
Luis Frias,friaslu01,,RP,-2,ARI
Max Fried,friedma01,,SP,-1,ATL
TJ Friedl,friedtj01,,CF,8,CIN
Carson Fulmer,fulmeca01,,RP,-2,LAA
Michael Fulmer,fulmemi01,,RP,-2,CHC
Hunter Gaddis,gaddihu01,,RP,-2,CLE
Matt Gage,gagema01,,RP,-2,HOU
Cam Gallagher,gallaca01,,,2,CLE
Giovanny Gallegos,gallegi01,,RP,-2,STL
Zac Gallen,galleza01,,SP,-1,ARI
Joey Gallo,gallojo01,,1B,3,MIN
Ben Gamel,gamelbe01,,RF,9,SDP
Adolis Garcia,garciad02,Adolis García,RF,9,TEX
Avisail Garcia,garciav01,,RF,9,MIA
Deivi Garcia,garcide01,,RP,-2,2TM
Jose Barrero,garcijo02,,DH,0,CIN
Luis Garcia,garcilu03,Luis García,RP,-2,SDP
Luis Garcia,garcilu04,Luis García Jr.,2B,4,WSN
Luis Garcia,garcilu05,Luis García,SP,-1,HOU
Maikel Garcia,garcima01,,3B,5,KCR
Rico Garcia,garciri01,,RP,-2,2TM
Yimi Garcia,garciyi01,,RP,-2,TOR
Kyle Garlick,garliky01,,,9,MIN
Amir Garrett,garream01,,RP,-2,KCR
Braxton Garrett,garrebr01,,SP,-1,MIA
Reed Garrett,garrere01,,RP,-2,2TM
Stone Garrett,garrest01,,DH,0,WSN
Mitch Garver,garvemi01,,C,2,TEX
Justin Garza,garzaju01,,RP,-2,BOS
Kevin Gausman,gausmke01,,SP,-1,TOR
Domingo German,germado01,,RP,-2,NYY
Ian Gibaut,gibauia01,,RP,-2,CIN
Kyle Gibson,gibsoky01,,SP,-1,BAL
Logan Gilbert,gilbelo01,,SP,-1,SEA
Tyler Gilbert,gilbety01,,RP,-2,ARI
Logan Gillaspie,gillalo01,,RP,-2,BAL
Andres Gimenez,gimenan01,Andrés Giménez,2B,4,CLE
Kevin Ginkel,ginkeke01,,RP,-2,ARI
Lucas Giolito,giolilu01,,SP,-1,3TM
Mychal Givens,givenmy01,,,-2,BAL
Tyler Glasnow,glasnty01,,SP,-1,TBR
Paul Goldschmidt,goldspa01,,1B,3,STL
Austin Gomber,gombeau01,,SP,-1,COL
Yan Gomes,gomesya01,,C,2,CHC
Tony Gonsolin,gonsoto01,,SP,-1,LAD
Chi Chi Gonzalez,gonzach01,,,-2,MIA
Marco Gonzales,gonzama02,,SP,-1,SEA
Oscar Gonzalez,gonzaos01,,LF,7,CLE
Romy Gonzalez,gonzaro01,,1B,3,CHW
Victor Gonzalez,gonzavi02,,RP,-2,LAD
Nick Gordon,gordoni01,,LF,7,MIN
MacKenzie Gore,gorema01,,SP,-1,WSN
Nolan Gorman,gormano01,,3B,5,STL
Trevor Gott,gotttr01,,,-2,2TM
Yuli Gurriel,gourryu01,,DH,0,MIA
Yasmani Grandal,grandya01,,C,2,CHW
Brusdar Graterol,gratebr01,,RP,-2,LAD
Kendall Graveman,graveke01,,RP,-2,2TM
Jon Gray,grayjo02,,RP,-2,TEX
Josiah Gray,grayjo03,,SP,-1,WSN
Sonny Gray,grayso01,,SP,-1,MIN
Chad Green,greench03,,RP,-2,TOR
Hunter Greene,greenhu01,,SP,-1,CIN
Riley Greene,greenri03,,LF,7,DET
Shane Greene,greensh02,,,-2,CHC
Zack Greinke,greinza01,,,-1,KCR
Randal Grichuk,grichra01,,DH,0,2TM
Trent Grisham,grishtr01,,CF,8,SDP
Vaughn Grissom,grissva01,,2B,4,ATL
Robbie Grossman,grossro01,,DH,0,TEX
Michael Grove,grovemi01,,RP,-2,LAD
Javy Guerra,guerrja02,,,-1,2TM
Vladimir Guerrero Jr.,guerrvl02,,1B,3,TOR
Luis Guillorme,guilllu01,,2B,4,NYM
Lourdes Gurriel Jr.,gurrilo01,,LF,7,ARI
Dalton Guthrie,guthrda01,,,7,PHI
Eric Haase,haaseer01,,C,2,2TM
Josh Hader,haderjo01,,RP,-2,SDP
Sam Haggerty,haggesa01,,DH,0,SEA
Darick Hall,hallda02,,,3,PHI
DL Hall,halldl01,,RP,-2,BAL
Billy Hamilton,hamilbi02,,,0,CHW
Caleb Hamilton,hamilca01,,,2,BOS
Ian Hamilton,hamilia01,,RP,-2,NYY
Garrett Hampson,hampsga01,,LF,7,MIA
Brad Hand,handbr01,,,-2,2TM
Mitch Haniger,hanigmi01,,RF,9,SFG
Ian Happ,happia01,,LF,7,CHC
Bryce Harper,harpebr03,,1B,3,PHI
Josh Harrison,harrijo05,,,5,PHI
Michael Harris,harrimi04,Michael Harris II,CF,8,ATL
Geoff Hartlieb,hartlge01,,RP,-2,MIA
Hunter Harvey,harvehu01,,RP,-2,WSN
Adam Haseley,haselad01,,,9,CHW
Thomas Hatch,hatchto01,,RP,-2,2TM
Ke'Bryan Hayes,hayeske01,,3B,5,PIT
Austin Hays,haysau01,,LF,7,BAL
Andrew Heaney,heanean01,,SP,-1,TEX
Taylor Hearn,hearnta01,,,-2,3TM
Jonathan Heasley,heasljo01,,RP,-2,KCR
Austin Hedges,hedgeau01,,C,2,2TM
Jonah Heim,heimjo01,,C,2,TEX
Tyler Heineman,heinety01,,C,2,2TM
Ryan Helsley,helslry01,,RP,-2,STL
Heath Hembree,hembrhe01,,,-2,TBR
Gunnar Henderson,hendegu01,,SS,6,BAL
Kyle Hendricks,hendrky01,,SP,-1,CHC
Liam Hendriks,hendrli01,,RP,-2,CHW
Tommy Henry,henryto01,,RP,-2,ARI
David Hensley,henslda01,,RF,9,HOU
Sam Hentges,hentgsa01,,RP,-2,CLE
Jimmy Herget,hergeji01,,RP,-2,LAA
Kevin Herget,hergeke01,,RP,-2,CIN
Carlos Hernandez,hernaca04,,RP,-2,KCR
Enrique Hernandez,hernaen02,,1B,3,2TM
Jonathan Hernandez,hernajo02,,RP,-2,TEX
Teoscar Hernandez,hernate01,Teoscar Hernández,RF,9,SEA
Yonny Hernandez,hernayo02,,,4,LAD
Ivan Herrera,herreiv01,Iván Herrera,DH,0,STL
Jose Herrera,herrejo04,,C,2,ARI
Jason Heyward,heywaja01,,LF,7,LAD
Aaron Hicks,hicksaa01,,RF,9,2TM
Jordan Hicks,hicksjo03,,RP,-2,2TM
Kyle Higashioka,higasky01,,C,2,NYY
Derek Hill,hillde01,,CF,8,WSN
Garrett Hill,hillga02,,,-2,DET
Sam Hilliard,hillisa01,,LF,7,ATL
Rich Hill,hillri01,,SP,-1,2TM
Tim Hill,hillti01,,RP,-2,SDP
Sean Hjelle,hjellse01,,RP,-2,SFG
Bryan Hoeing,hoeinbr01,,RP,-2,MIA
Nico Hoerner,hoernni01,,2B,4,CHC
Jeff Hoffman,hoffmje02,,RP,-2,PHI
Colin Holderman,holdeco01,,RP,-2,PIT
Gavin Hollowell,holloga01,,RP,-2,COL
Clay Holmes,holmecl01,,SP,-1,NYY
Tyler Holton,holtoty01,,RP,-2,DET
Brent Honeywell Jr.,honeybr01,,RP,-2,2TM
Rhys Hoskins,hoskirh01,,1B,3,NA
Eric Hosmer,hosmeer01,,,3,CHC
Tanner Houck,houckta01,,SP,-1,BOS
Adrian Houser,housead01,,SP,-1,MIL
Spencer Howard,howarsp01,,RP,-2,TEX
Daniel Hudson,hudsoda01,,RP,-2,LAD
Dakota Hudson,hudsoda02,,SP,-1,STL
Sam Huff,huffsa01,,C,2,TEX
Brandon Hughes,hughebr01,,RP,-2,CHC
Cooper Hummel,hummeco01,,LF,7,SEA
Tommy Hunter,hunteto02,,,-2,NYM
Andy IbaÃ±ez,ibanean01,,3B,5,DET
Raisel Iglesias,iglesra01,,RP,-2,ATL
Jonathan India,indiajo01,,2B,4,CIN
Cole Irvin,irvinco01,,SP,-1,BAL
Kyle Isbel,isbelky01,,CF,8,KCR
Andre Jackson,jacksan01,,,-1,2TM
Jay Jackson,jacksja01,,RP,-2,TOR
Luke Jackson,jackslu01,,RP,-2,SFG
Zach Jackson,jacksza02,,,-2,OAK
Drey Jameson,jamesdr01,,RP,-2,ARI
Travis Jankowski,jankotr01,,RF,9,TEX
Danny Jansen,janseda01,,C,2,TOR
Kenley Jansen,janseke01,,RP,-2,BOS
Cristian Javier,javiecr01,,SP,-1,HOU
Griffin Jax,jaxgr01,,RP,-2,MIN
Ryan Jeffers,jeffery01,,C,2,MIN
Dany Jimenez,jimenda01,,RP,-2,OAK
Eloy Jimenez,jimenel02,Eloy Jiménez,DH,0,CHW
Joe Jimenez,jimenjo02,,RP,-2,ATL
Connor Joe,joeco01,,RF,9,PIT
Bryce Johnson,johnsbr03,,LF,7,SFG
Pierce Johnson,johnspi01,,RP,-2,2TM
Jahmai Jones,jonesja08,,DH,0,MIL
Nolan Jones,jonesno01,,RF,9,COL
Aaron Judge,judgeaa01,,RF,9,NYY
Josh Jung,jungjo01,,3B,5,TEX
Jakob Junis,junisja01,,RP,-2,SFG
Janson Junk,junkja01,,SP,-1,MIL
Tommy Kahnle,kahnlto01,,RP,-2,NYY
James Kaprielian,kaprija01,,,-1,OAK
James Karinchak,karinja01,,,-2,CLE
Anthony Kay,kayan01,,,-2,2TM
Jarred Kelenic,kelenja01,,RF,9,SEA
Brad Keller,kellebr01,,RP,-2,KCR
Mitch Keller,kellemi03,,SP,-1,PIT
Trevor Kelley,kelletr01,,,-1,TBR
Carson Kelly,kellyca02,,C,2,2TM
Joe Kelly,kellyjo05,,RP,-2,2TM
Merrill Kelly,kellyme01,,SP,-1,ARI
Michael Kelly,kellymi03,,RP,-2,CLE
Zack Kelly,kellyza01,,RP,-2,BOS
Tony Kemp,kempto01,,2B,4,OAK
Buddy Kennedy,kennebu01,,3B,5,ARI
Ian Kennedy,kenneia01,,,-2,TEX
Max Kepler,keplema01,,LF,7,MIN
Ray Kerr,kerrra01,,RP,-2,SDP
Clayton Kershaw,kershcl01,,SP,-1,LAD
Dallas Keuchel,keuchda01,,SP,-1,MIN
Carter Kieboom,kieboca01,,1B,3,WSN
Kevin Kiermaier,kiermke01,,CF,8,TOR
Yusei Kikuchi,kikucyu01,,SP,-1,TOR
Caleb Kilian,kiliaca01,,SP,-1,CHC
Craig Kimbrel,kimbrcr01,,RP,-2,PHI
Ha-Seong Kim,kimha01,,SS,6,SDP
Isiah Kiner-Falefa,kineris01,,SS,6,NYY
John King,kingjo01,,RP,-2,2TM
Michael King,kingmi01,,SP,-1,NYY
Tyler Kinley,kinlety01,,RP,-2,COL
George Kirby,kirbyge01,,SP,-1,SEA
Alex Kirilloff,kirilal01,,LF,7,MIN
Alejandro Kirk,kirkal01,,C,2,TOR
Andrew Kittredge,kittran01,,RP,-2,TBR
Corey Kluber,klubeco01,,,-1,BOS
Reiss Knehr,knehrre01,,,-1,SDP
Andrew Knizner,kniznan01,,C,2,STL
Matt Koch,kochma01,,RP,-2,COL
Adam Kolarek,kolarad01,,,-2,2TM
Mark Kolozsvary,kolozma01,,,2,BAL
Michael Kopech,kopecmi01,,RP,-2,CHW
Jackson Kowar,kowarja01,,RP,-2,KCR
Joey Krehbiel,krehbjo01,,,-2,BAL
Ryan Kreidler,kreidry01,,CF,8,DET
Dean Kremer,kremede01,,SP,-1,BAL
Brooks Kriske,kriskbr01,,RP,-2,KCR
Chad Kuhl,kuhlch01,,RP,-2,WSN
Joel Kuhnel,kuhnejo01,,RP,-2,2TM
Steven Kwan,kwanst01,,LF,7,CLE
Jimmy Lambert,lambeji01,,,-1,CHW
Peter Lambert,lambepe01,,RP,-2,COL
Jake Lamb,lambja01,,,3,LAA
Dinelson Lamet,lametdi01,,RP,-2,2TM
Alex Lange,langeal01,,RP,-2,DET
Shea Langeliers,langesh01,,C,2,OAK
Trevor Larnach,larnatr01,,DH,0,MIN
Tommy La Stella,lasteto01,,,0,SEA
Jake Latz,latzja01,,RP,-2,TEX
Eric Lauer,lauerer01,,SP,-1,MIL
Ramon Laureano,laurera01,,LF,7,2TM
Derek Law,lawde01,,RP,-2,CIN
Casey Lawrence,lawreca01,,RP,-2,STL
Justin Lawrence,lawreju01,,RP,-2,COL
Jose Leclerc,leclejo01,José Leclerc,RP,-2,TEX
Dylan Lee,leedy01,,RP,-2,ATL
Korey Lee,leeko01,,C,2,CHW
Mark Leiter Jr.,leitema02,,RP,-2,CHC
DJ LeMahieu,lemahdj01,,2B,4,NYY
Dominic Leone,leonedo01,,RP,-2,3TM
Sandy Leon,leonsa01,,C,2,TEX
Josh Lester,lestejo02,,,3,BAL
Kyle Lewis,lewisky01,,,0,ARI
Royce Lewis,lewisro02,,3B,5,MIN
Matthew Liberatore,liberma01,,SP,-1,STL
Francisco Lindor,lindofr01,,SS,6,NYM
Zack Littell,litteza01,,SP,-1,2TM
Mauricio Llovera,llovema01,,,-2,2TM
Jonathan Loaisiga,loaisjo01,,RP,-2,NYY
Tim Locastro,locasti01,,,7,NYM
Nick Lodolo,lodolni01,,SP,-1,CIN
Zach Logue,logueza01,,RP,-2,DET
Evan Longoria,longoev01,,,5,ARI
Sam Long,longsa01,,RP,-2,OAK
Alejo Lopez,lopezal03,,,4,CIN
Jorge Lopez,lopezjo02,,RP,-2,3TM
Nicky Lopez,lopezni01,,3B,5,2TM
Pablo Lopez,lopezpa01,Pablo López,SP,-1,MIN
Reynaldo Lopez,lopezre01,Reynaldo López,SP,-1,3TM
Michael Lorenzen,lorenmi01,,SP,-1,2TM
Aaron Loup,loupaa01,,,-2,LAA
Richard Lovelady,lovelri01,,RP,-2,OAK
Brandon Lowe,lowebr01,,2B,4,TBR
Josh Lowe,lowejo01,,RF,9,TBR
Nathaniel Lowe,lowena01,,1B,3,TEX
Joey Lucchesi,lucchjo01,,RP,-2,NYM
Lucas Luetge,luetglu01,,,-2,ATL
Seth Lugo,lugose01,,SP,-1,SDP
Jordan Luplow,luplojo01,,,7,2TM
Gavin Lux,luxga01,,DH,0,NA
Jesus Luzardo,luzarje01,Jesús Luzardo,SP,-1,MIA
Jordan Lyles,lylesjo01,,RP,-2,KCR
Daniel Lynch,lynchda02,,RP,-2,KCR
Lance Lynn,lynnla01,,SP,-1,2TM
Andres Machado,machaan02,,,-2,WSN
Manny Machado,machama01,,3B,5,SDP
Bligh Madris,madribl01,,1B,3,HOU
Nick Madrigal,madrini01,,3B,5,CHC
Kenta Maeda,maedake01,,RP,-2,MIN
Tyler Mahle,mahlety01,,SP,-1,MIN
Luke Maile,mailelu01,,C,2,CIN
Martin Maldonado,maldoma01,,C,2,HOU
Sean Manaea,manaese01,,SP,-1,SFG
Trey Mancini,mancitr01,,,3,CHC
Matt Manning,mannima02,,SP,-1,DET
Alek Manoah,manoaal01,,SP,-1,TOR
Joe Mantiply,mantijo01,,RP,-2,ARI
Tucupita Marcano,marcatu01,,,6,PIT
Manuel Margot,margoma01,,RF,9,TBR
Ron Marinaccio,marinro01,,RP,-2,NYY
Jake Marisnick,marisja01,,,8,3TM
German Marquez,marquge01,,SP,-1,COL
Brandon Marsh,marshbr02,,CF,8,PHI
Jose Marte,martejo01,,RP,-2,LAA
Ketel Marte,marteke01,,2B,4,ARI
Starling Marte,martest01,,DH,0,NYM
Yunior Marte,marteyu01,,RP,-2,PHI
Adrian Martinez,martiad01,,,-1,OAK
Chris Martin,martich02,,RP,-2,BOS
J.D. Martinez,martijd02,,DH,0,LAD
Nick Martinez,martini01,,SP,-1,SDP
Nick Martini,martini02,,DH,0,CIN
Seth Martinez,martise01,,RP,-2,HOU
Michael Massey,massemi02,,2B,4,KCR
Miles Mastrobuoni,mastrmi01,,DH,0,CHC
Jorge Mateo,mateojo01,,DH,0,BAL
Mark Mathias,mathima01,,,4,2TM
Nick Maton,matonni01,,DH,0,DET
Phil Maton,matonph01,,RP,-2,HOU
Steven Matz,matzst01,,RP,-2,STL
Dustin May,maydu01,,SP,-1,LAD
Mike Mayers,mayermi01,,,-1,KCR
Trevor May,maytr01,,,-2,OAK
Tim Mayza,mayzati01,,RP,-2,TOR
James McCann,mccanja02,,C,2,BAL
Jake McCarthy,mccarja02,,LF,7,ARI
Darren McCaughan,mccauda01,,RP,-2,SEA
Shane McClanahan,mcclash01,,,-1,TBR
Chas McCormick,mccorch01,,CF,8,HOU
Lance McCullers Jr.,mcculla02,,SP,-1,NA
Andrew McCutchen,mccutan01,,DH,0,PIT
T.J. McFarland,mcfartj01,,RP,-2,NYM
Easton McGee,mcgeeea01,,RP,-2,SEA
Reese McGuire,mcguire01,,C,2,BOS
Collin McHugh,mchugco01,,,-1,ATL
Ryan McKenna,mckenry01,,RF,9,BAL
Triston McKenzie,mckentr01,,RP,-2,CLE
Billy McKinney,mckinbi01,,RF,9,NYY
Zach McKinstry,mckinza01,,3B,5,DET
Ryan McMahon,mcmahry01,,3B,5,COL
Jeff McNeil,mcneije01,,2B,4,NYM
Austin Meadows,meadoau01,,,7,DET
John Means,meansjo01,,SP,-1,BAL
Nick Mears,mearsni01,,RP,-2,COL
Trevor Megill,megiltr01,,RP,-2,MIL
Tylor Megill,megilty01,,SP,-1,NYM
Francisco Mejia,mejiafr01,,,2,TBR
J.C. Mejia,mejiaje02,,,-2,MIL
MJ Melendez,melenmj01,,LF,7,KCR
Danny Mendick,mendida01,,3B,5,NYM
Joey Meneses,menesjo01,,1B,3,WSN
Oscar Mercado,mercaos01,,,9,STL
Whit Merrifield,merriwh01,,2B,4,TOR
Julian Merryweather,merryju01,,RP,-2,CHC
Jake Meyers,meyerja02,,CF,8,HOU
Keynan Middleton,middlke01,,,-2,2TM
Miles Mikolas,mikolmi01,,SP,-1,STL
Wade Miley,mileywa01,,SP,-1,MIL
Brad Miller,millebr02,,,0,TEX
Owen Miller,milleow01,,2B,4,MIL
Shelby Miller,millesh01,,RP,-2,LAD
Tyson Miller,millety01,,RP,-2,3TM
Alec Mills,millsal02,,,-2,CIN
Hoby Milner,milneho01,,RP,-2,MIL
Tommy Milone,milonto01,,,-1,SEA
A.J. Minter,minteaj01,,RP,-2,ATL
Jose Miranda,miranjo01,,3B,5,MIN
Anthony Misiewicz,misiean01,,RP,-2,3TM
Calvin Mitchell,mitchca01,,,0,PIT
Garrett Mitchell,mitchga01,,CF,8,MIL
Casey Mize,mizeca01,,SP,-1,NA
Sam Moll,mollsa01,,RP,-2,2TM
Yoan Moncada,moncayo01,Yoán Moncada,3B,5,CHW
Mickey Moniak,moniami01,,RF,9,LAA
Frankie Montas,montafr02,,SP,-1,NYY
Elehuris Montero,monteel01,,1B,3,COL
Rafael Montero,montera01,,RP,-2,HOU
Jordan Montgomery,montgjo01,,SP,-1,2TM
Dylan Moore,mooredy01,,DH,0,SEA
Matt Moore,moorema02,,RP,-2,3TM
Jovani Moran,moranjo01,,RP,-2,MIN
Adrian Morejon,morejad01,,RP,-2,SDP
Christopher Morel,morelch01,,LF,7,CHC
Gabriel Moreno,morenga01,,C,2,ARI
Dauri Moreta,moretda01,,RP,-2,PIT
Eli Morgan,morgael01,,RP,-2,CLE
Reyes Moronta,moronre01,,,-2,LAA
Cody Morris,morrico01,,,-2,CLE
Charlie Morton,mortoch02,,SP,-1,ATL
Taylor Motter,motteta01,,,4,STL
Ryan Mountcastle,mountry01,,1B,3,BAL
Mike Moustakas,moustmi01,,,5,2TM
Kyle Muller,mulleky01,,RP,-2,OAK
Cedric Mullins,mullice01,,CF,8,BAL
Max Muncy,muncyma01,,3B,5,LAD
Andres Munoz,munozan01,Andrés Muñoz,RP,-2,SEA
Penn Murfee,murfepe01,,RP,-2,SEA
Sean Murphy,murphse01,,C,2,ATL
Tom Murphy,murphto04,,C,2,SEA
Joe Musgrove,musgrjo01,,SP,-1,SDP
Parker Mushinski,mushipa01,,RP,-2,HOU
Wil Myers,myerswi01,,,9,CIN
James Naile,naileja01,,,-2,STL
Tyler Naquin,naquity01,,,7,CHW
Andrew Nardi,nardian01,,RP,-2,MIA
Omar Narvaez,narvaom01,,C,2,NYM
Packy Naughton,naughpa01,,,-2,STL
Bo Naylor,naylobo01,,C,2,CLE
Josh Naylor,naylojo01,,1B,3,CLE
Kyle Nelson,nelsoky01,,RP,-2,ARI
Nick Nelson,nelsoni01,,RP,-2,PHI
Ryne Nelson,nelsory01,,SP,-1,ARI
Hector Neris,nerishe01,,RP,-2,HOU
Tyler Nevin,nevinty01,,1B,3,DET
Sean Newcomb,newcose01,,RP,-2,OAK
Kevin Newman,newmake01,,3B,5,CIN
Tomas Nido,nidoto01,,C,2,NYM
Brandon Nimmo,nimmobr01,,LF,7,NYM
Vinny Nittoli,nittovi01,,RP,-2,NYM
Stephen Nogosek,nogosst01,,,-2,NYM
Aaron Nola,nolaaa01,,SP,-1,PHI
Austin Nola,nolaau01,,C,2,SDP
Sean Nolin,nolinse01,,,-2,MIA
Lars Nootbaar,nootbla01,,LF,7,STL
Daniel Norris,norrida01,,,-2,CLE
Bailey Ober,oberba01,,SP,-1,MIN
Rougned Odor,odorro01,,,4,SDP
Ryan O'Hearn,ohearry01,,1B,3,BAL
Logan O'Hoppe,ohopplo01,,C,2,LAA
Shohei Ohtani,ohtansh01,,DH,0,LAA
Brian O'Keefe,okeefbr01,,,2,SEA
Steven Okert,okertst01,,RP,-2,MIA
Chris Okey,okeych01,,,2,LAA
Edward Olivares,olivaed02,,RF,9,KCR
Adam Oller,ollerad01,,SP,-1,OAK
Matt Olson,olsonma02,,1B,3,ATL
Tyler O'Neill,oneilty01,,RF,9,STL
Oliver Ortega,ortegol01,,,-2,MIN
Rafael Ortega,ortegra01,,CF,8,NYM
Luis Ortiz,ortizlu02,,RP,-2,PHI
Luis Ortiz,ortizlu03,,SP,-1,PIT
Kaleb Ort,ortka01,,RP,-2,BOS
Adam Ottavino,ottavad01,,RP,-2,NYM
Glenn Otto,ottogl01,,,-2,TEX
James Outman,outmaja01,,CF,8,LAD
Connor Overton,overtco01,,,-1,CIN
Johan Oviedo,oviedjo01,,SP,-1,PIT
Chris Owings,owingch01,,,6,PIT
Marcell Ozuna,ozunama01,,DH,0,ATL
Cristian Pache,pachecr01,,CF,8,PHI
Chris Paddack,paddach01,,SP,-1,MIN
Nicholas Padilla,padilni01,,,-2,CHW
Kevin Padlo,padloke01,,,3,LAA
Emilio Pagan,paganem01,,RP,-2,MIN
Josh Palacios,palacjo01,,RF,9,PIT
Richie Palacios,palacri01,,2B,4,STL
Andre Pallante,pallaan01,,SP,-1,STL
Isaac Paredes,paredis01,,3B,5,TBR
Vinnie Pasquantino,pasquvi01,,1B,3,KCR
Luis PatiÃ±o,patinlu01,,,-1,2TM
Spencer Patton,pattosp01,,,-2,OAK
James Paxton,paxtoja01,,SP,-1,BOS
Joel Payamps,payamjo01,,RP,-2,MIL
Nate Pearson,pearsna01,,RP,-2,TOR
Joc Pederson,pederjo01,,DH,0,SFG
Elvis Peguero,pegueel01,,RP,-2,MIL
Liover Peguero,pegueli01,,SS,6,PIT
Jeremy Pena,penaje02,Jeremy Peña,SS,6,HOU
Ryan Pepiot,pepiory01,,SP,-1,LAD
David Peralta,peralda01,,RF,9,LAD
Freddy Peralta,peralfr01,,SP,-1,MIL
Wandy Peralta,peralwa01,,RP,-2,NYY
Oswald Peraza,perazos02,,3B,5,NYY
Angel Perdomo,perdoan01,,RP,-2,PIT
Geraldo Perdomo,perdoge01,,SS,6,ARI
Carlos Perez,perezca03,,,2,CHW
Cionel Perez,perezci01,,RP,-2,BAL
Francisco Perez,perezfr01,,,-1,OAK
Martin Perez,perezma02,,SP,-1,TEX
Michael Perez,perezmi03,,,2,NYM
Roberto Perez,perezro02,,,2,SFG
Salvador Perez,perezsa02,,C,2,KCR
David Peterson,peterda01,,SP,-1,NYM
Jace Peterson,peterja01,,DH,0,2TM
Tommy Pham,phamth01,,LF,7,2TM
Brett Phillips,phillbr02,,,8,LAA
Evan Phillips,phillev01,,RP,-2,LAD
Konnor Pilkington,pilkiko01,,RP,-2,CLE
Kevin Pillar,pillake01,,CF,8,ATL
Manny PiÃ±a,pinama01,,,2,OAK
Rene Pinto,pintore02,,C,2,TBR
Nick Pivetta,pivetni01,,SP,-1,BOS
Michael Plassmeyer,plassmi01,,,-1,PHI
Zach Plesac,plesaza01,,SP,-1,CLE
Colin Poche,pocheco01,,RP,-2,TBR
Jorge Polanco,polanjo01,,DH,0,MIN
AJ Pollock,polloaj01,,,0,2TM
Zach Pop,popza01,,RP,-2,TOR
Nick Pratto,prattni01,,RP,-2,KCR
Ryan Pressly,pressry01,,RP,-2,HOU
Jurickson Profar,profaju01,,LF,7,2TM
Austin Pruitt,pruitau01,,RP,-2,OAK
A.J. Puk,pukaj01,,RP,-2,MIA
Cal Quantrill,quantca01,,SP,-1,CLE
Jose Quijada,quijajo01,,RP,-2,LAA
Jose Quintana,quintjo01,,SP,-1,NYM
Cole Ragans,raganco01,,SP,-1,2TM
Tanner Rainey,raineta01,,RP,-2,WSN
Cal Raleigh,raleica01,,C,2,SEA
Brooks Raley,raleybr01,,RP,-2,NYM
Luke Raley,raleylu01,,RF,9,TBR
Erasmo Ramirez,ramirer02,,RP,-2,2TM
Harold Ramirez,ramirha02,,DH,0,TBR
Jose Ramirez,ramirjo01,José Ramírez,3B,5,CLE
Nick Ramirez,ramirni01,,RP,-2,NYY
Yohan Ramirez,ramiryo01,,RP,-2,2TM
Henry Ramos,ramoshe01,,,9,CIN
Heliot Ramos,ramoshe02,,LF,7,SFG
Drew Rasmussen,rasmudr01,,SP,-1,TBR
Robbie Ray,rayro02,,SP,-1,SEA
Colin Rea,reaco01,,SP,-1,MIL
J.T. Realmuto,realmjt01,,C,2,PHI
Jake Reed,reedja02,,,-2,LAD
Rob Refsnyder,refsnro01,,RF,9,BOS
Sean Reid-Foley,reidfse01,,RP,-2,NYM
Anthony Rendon,rendoan01,,3B,5,LAA
Hunter Renfroe,renfrhu01,,RF,9,2TM
Luis Rengifo,rengilu01,,3B,5,LAA
Denyi Reyes,reyesde02,,,-1,NYM
Franmil Reyes,reyesfr01,,,0,KCR
Gerardo Reyes,reyesge01,,RP,-2,LAA
Pablo Reyes,reyespa01,,DH,0,BOS
Bryan Reynolds,reynobr01,,RF,9,PIT
Matt Reynolds,reynoma03,,,5,CIN
Trevor Richards,richatr01,,RP,-2,TOR
Austin Riley,rileyau01,,3B,5,ATL
Edwin Rios,riosed01,,1B,3,CHC
Yacksel Rios,riosya01,,,-2,OAK
Alfonso Rivas,rivasal01,,,3,2TM
Emmanuel Rivera,riverem01,,3B,5,ARI
Anthony Rizzo,rizzoan01,,1B,3,NYY
David Robertson,roberda08,,RP,-2,2TM
Luis Robert,roberlu01,Luis Robert Jr.,CF,8,CHW
Victor Robles,roblevi01,,RF,9,WSN
Brendan Rodgers,rodgebr02,,2B,4,COL
Carlos Rodon,rodonca01,Carlos Rodón,SP,-1,NYY
Dereck Rodriguez,rodride01,,,-2,2TM
Eduardo Rodriguez,rodried05,,SP,-1,DET
Elvin Rodriguez,rodriel02,,RP,-2,TBR
Joely Rodriguez,rodrijo06,,RP,-2,BOS
Julio Rodriguez,rodriju01,Julio Rodríguez,CF,8,SEA
Yerry Rodriguez,rodriye01,,RP,-2,TEX
Jake Rogers,rogerja03,,C,2,DET
Taylor Rogers,rogerta01,,RP,-2,SFG
Trevor Rogers,rogertr01,,SP,-1,MIA
Tyler Rogers,rogerty01,,RP,-2,SFG
Josh Rojas,rojasjo01,,3B,5,2TM
Miguel Rojas,rojasmi02,,2B,4,LAD
Jordan Romano,romanjo03,,RP,-2,TOR
JoJo Romero,romerjo01,,RP,-2,STL
Brent Rooker,rookebr01,,DH,0,OAK
Ben Rortvedt,rortvbe01,,C,2,NYY
Amed Rosario,rosaram01,,3B,5,2TM
Eddie Rosario,rosared01,,DH,0,ATL
Eguy Rosario,rosareg01,,3B,5,SDP
Kenny Rosenberg,rosenke01,,RP,-2,LAA
Michael Rucker,ruckemi01,,,-2,CHC
Darin Ruf,rufda01,,,0,2TM
Esteury Ruiz,ruizes01,,LF,7,OAK
Jose Ruiz,ruizjo01,,RP,-2,2TM
Keibert Ruiz,ruizke01,,C,2,WSN
Adley Rutschman,rutscad01,,C,2,BAL
Joe Ryan,ryanjo04,,SP,-1,MIN
Hyun Jin Ryu,ryuhy01,,,-1,TOR
Chris Sale,salech01,,SP,-1,BOS
Cristopher Sanchez,sanchcr01,Cristopher Sánchez,SP,-1,PHI
Gary Sanchez,sanchga02,,C,2,2TM
Jesus Sanchez,sanchje02,Jesús Sánchez,RF,9,MIA
Nick Sandlin,sandlni01,,RP,-2,CLE
Patrick Sandoval,sandopa02,,SP,-1,LAA
Cole Sands,sandsco01,,RP,-2,MIN
Reiver Sanmartin,sanmare01,,RP,-2,CIN
Anthony Santander,santaan02,,DH,0,BAL
Carlos Santana,santaca01,,1B,3,2TM
Dennis Santana,santade01,,RP,-2,NYM
Tony Santillan,santito01,,RP,-2,CIN
Gregory Santos,santogr01,,RP,-2,CHW
Tayler Saucedo,sauceta01,,RP,-2,SEA
Josh Sborz,sborzjo01,,RP,-2,TEX
Max Scherzer,scherma01,,SP,-1,2TM
Clarke Schmidt,schmicl01,,SP,-1,NYY
Jonathan Schoop,schoojo01,,,4,DET
John Schreiber,schrejo01,,RP,-2,BOS
Kyle Schwarber,schwaky01,,DH,0,PHI
Tanner Scott,scottta01,,RP,-2,MIA
Tayler Scott,scottta02,,RP,-2,3TM
Connor Seabold,seaboco01,,RP,-2,COL
Corey Seager,seageco01,,SS,6,TEX
JP Sears,searsjp01,,SP,-1,OAK
Jean Segura,segurje01,,,5,MIA
Marcus Semien,semiema01,,2B,4,TEX
Antonio Senzatela,senzaan01,,SP,-1,COL
Nick Senzel,senzeni01,,3B,5,CIN
Brian Serven,servebr01,,C,2,COL
Luis Severino,severlu01,,SP,-1,NYY
Paul Sewald,sewalpa01,,RP,-2,2TM
Bryan Shaw,shawbr01,,RP,-2,CHW
Gavin Sheets,sheetga01,,LF,7,CHW
Ryan Sherriff,sherrry01,,,-2,BOS
Zack Short,shortza01,,SS,6,DET
Chasen Shreve,shrevch01,,RP,-2,2TM
Michael Siani,sianimi01,,CF,8,2TM
Chase Silseth,silsech01,,RP,-2,LAA
Lucas Sims,simslu01,,RP,-2,CIN
Brady Singer,singebr01,,SP,-1,KCR
Jose Siri,sirijo01,,CF,8,TBR
Tarik Skubal,skubata01,,SP,-1,DET
Austin Slater,slateau01,,LF,7,SFG
Ethan Small,smallet01,,,-2,MIL
Devin Smeltzer,smeltde01,,,-1,MIA
Canaan Smith-Njigba,smithca05,,,9,PIT
Chad Smith,smithch12,,,-2,OAK
Dominic Smith,smithdo02,,1B,3,WSN
Drew Smith,smithdr01,,RP,-2,NYM
Josh Smith,smithjo11,,SS,6,TEX
Kevin Smith,smithke05,,DH,0,OAK
Pavin Smith,smithpa04,,DH,0,ARI
Will Smith,smithwi04,,RP,-2,TEX
Will Smith,smithwi05,,C,2,LAD
Drew Smyly,smylydr01,,RP,-2,CHC
Kirby Snead,sneadki01,,RP,-2,OAK
Blake Snell,snellbl01,,SP,-1,SDP
Collin Snider,snideco01,,RP,-2,KCR
Nick Solak,solakni01,,1B,3,2TM
Donovan Solano,solando01,,1B,3,MIN
Jorge Soler,solerjo01,,RF,9,MIA
Peter Solomon,solompe01,,,-2,ARI
Edmundo Sosa,sosaed01,,2B,4,PHI
Lenyn Sosa,sosale01,,2B,4,CHW
Gregory Soto,sotogr01,,RP,-2,PHI
Juan Soto,sotoju01,,RF,9,SDP
Livan Soto,sotoli01,,2B,4,LAA
Bennett Sousa,sousabe01,,RP,-2,2TM
Gabe Speier,speiega01,,RP,-2,SEA
George Springer,springe01,,DH,0,TOR
Jeffrey Springs,sprinje01,,SP,-1,TBR
Jacob Stallings,stallja01,,C,2,MIA
Ryne Stanek,stanery01,,RP,-2,HOU
Giancarlo Stanton,stantmi03,,DH,0,NYY
Josh Staumont,staumjo01,,RP,-2,KCR
Justin Steele,steelju01,,SP,-1,CHC
Spencer Steer,steersp01,,1B,3,CIN
Michael Stefanic,stefami01,,2B,4,LAA
Jackson Stephens,stephja01,,RP,-2,ATL
Robert Stephenson,stephro01,,RP,-2,2TM
Trevor Stephan,stephtr01,,,-2,CLE
Tyler Stephenson,stephty01,,C,2,CIN
Andrew Stevenson,stevean01,,,8,MIN
Cal Stevenson,steveca01,,CF,8,SFG
DJ Stewart,stewadj01,,RF,9,NYM
Trevor Story,storytr01,,SS,6,BOS
Bryson Stott,stottbr01,,2B,4,PHI
Kyle Stowers,stoweky01,,LF,7,BAL
Matt Strahm,strahma01,,RP,-2,PHI
Chris Stratton,stratch01,,RP,-2,2TM
Myles Straw,strawmy01,,CF,8,CLE
Spencer Strider,stridsp01,,SP,-1,ATL
Ross Stripling,stripro01,,SP,-1,SFG
Marcus Stroman,stromma01,,SP,-1,CHC
Peter Strzelecki,strzepe01,,RP,-2,2TM
Garrett Stubbs,stubbga01,,DH,0,PHI
Eugenio Suarez,suareeu01,Eugenio Suárez,3B,5,SEA
Jose Suarez,suarejo01,,RP,-2,LAA
Ranger Suarez,suarera01,Ranger Suárez,SP,-1,PHI
Robert Suarez,suarero01,,RP,-2,SDP
Wander Suero,suerowa01,,RP,-2,LAD
Cole Sulser,sulseco01,,RP,-2,ARI
Brent Suter,suterbr01,,RP,-2,COL
Jack Suwinski,suwinja01,,CF,8,PIT
Seiya Suzuki,suzukse01,,DH,0,CHC
Dansby Swanson,swansda01,,SS,6,CHC
Erik Swanson,swanser01,,RP,-2,TOR
Noah Syndergaard,syndeno01,,,-1,2TM
Jameson Taillon,taillja01,,SP,-1,CHC
Domingo Tapia,tapiado01,,,-2,SDP
Raimel Tapia,tapiara01,,,9,3TM
Freddy Tarnok,tarnofr01,,RP,-2,OAK
Fernando Tatis Jr.,tatisfe02,,RF,9,SDP
Mike Tauchman,tauchmi01,,RF,9,CHC
Leody Taveras,taverle01,,CF,8,TEX
Chris Taylor,tayloch03,,LF,7,LAD
Josh Taylor,taylojo02,,,-1,KCR
Michael A. Taylor,taylomi02,,CF,8,MIN
Tyrone Taylor,tayloty01,,CF,8,MIL
Julio Teheran,teherju01,,SP,-1,MIL
Rowdy Tellez,tellero01,,1B,3,MIL
Ryan Tepera,teperry01,,,-2,2TM
Matt Thaiss,thaisma01,,C,2,LAA
Caleb Thielbar,thielca01,,RP,-2,MIN
Alek Thomas,thomaal01,,CF,8,ARI
Cody Thomas,thomaco01,,,9,OAK
Lane Thomas,thomala02,,CF,8,WSN
Bubba Thompson,thompbu01,,CF,8,TEX
Keegan Thompson,thompke02,,RP,-2,CHC
Mason Thompson,thompma02,,RP,-2,WSN
Ryan Thompson,thompry02,,RP,-2,2TM
Trayce Thompson,thomptr01,,,8,2TM
Zack Thompson,thompza02,,RP,-2,STL
Trent Thornton,thorntr01,,RP,-2,2TM
Michael Toglia,toglimi01,,1B,3,COL
Justin Topa,topaju01,,RP,-2,SEA
Spencer Torkelson,torkesp01,,1B,3,DET
Abraham Toro,toroab01,,1B,3,MIL
Gleyber Torres,torregl01,,2B,4,NYY
Luis Torrens,torrelu01,,C,2,2TM
Touki Toussaint,toussto01,,RP,-2,2TM
Ezequiel Tovar,tovarez01,,SS,6,COL
Taylor Trammell,trammta01,,CF,8,SEA
Alan Trejo,trejoal01,,SS,6,COL
Jose Trevino,trevijo01,,C,2,NYY
Chadwick Tromp,trompch01,,C,2,ATL
Mike Trout,troutmi01,,DH,0,LAA
Cole Tucker,tuckeco01,,3B,5,COL
Kyle Tucker,tuckeky01,,RF,9,HOU
Spencer Turnbull,turnbsp01,,RP,-2,DET
Justin Turner,turneju01,,1B,3,BOS
Trea Turner,turnetr01,,SS,6,PHI
Edwin Uceta,ucetaed01,,RP,-2,NYM
Erich Uelmen,uelmeer01,,,-2,PHI
Duane Underwood Jr.,underdu01,,,-2,PIT
Jose UreÃ±a,urenajo01,,RP,-2,2TM
Julio Urias,uriasju01,,,-1,LAD
Luis Urias,uriaslu01,,2B,4,2TM
Ramon Urias,uriasra01,,3B,5,BAL
Jose Urquidy,urquijo01,,RP,-2,HOU
Gio Urshela,urshegi01,,3B,5,LAA
Framber Valdez,valdefr01,,SP,-1,HOU
Ildemaro Vargas,vargail01,,2B,4,WSN
Miguel Vargas,vargami01,,3B,5,LAD
Louie Varland,varlalo01,,RP,-2,MIN
Daulton Varsho,varshda01,,CF,8,TOR
Andrew Vasquez,vasquan02,,,-2,2TM
Andrew Vaughn,vaughan01,,1B,3,CHW
Terrin Vavra,vavrate01,,2B,4,BAL
Christian Vazquez,vazquch01,,C,2,MIN
Vince Velasquez,velasvi01,,,-1,PIT
Andrew Velazquez,velazan01,,,6,LAA
Nelson Velazquez,velazne01,Nelson Velázquez,DH,0,2TM
Alex Verdugo,verdual01,,LF,7,BOS
Drew VerHagen,verhadr01,,,-2,STL
Justin Verlander,verlaju01,,SP,-1,2TM
Alex Vesia,vesiaal01,,RP,-2,LAD
Nick Vespi,vespini01,,RP,-2,BAL
Will Vest,vestwi01,,RP,-2,DET
Mark Vientos,vientma01,,3B,5,NYM
Matt Vierling,vierlma01,,CF,8,DET
David Villar,villada01,,1B,3,SFG
Jonathan Villar,villajo01,,,0,NA
Meibrys Viloria,vilorme01,,,2,CLE
Daniel Vogelbach,vogelda01,,DH,0,NYM
Luke Voit,voitlu01,,,3,MIL
Jason Vosler,vosleja01,,1B,3,CIN
Austin Voth,vothau01,,RP,-2,BAL
Joey Votto,vottojo01,,,3,CIN
Michael Wacha,wachami01,,SP,-1,SDP
LaMonte Wade Jr.,wadela01,,1B,3,SFG
Tyler Wade,wadety01,,CF,8,OAK
Adam Wainwright,wainwad01,,,-1,STL
Cole Waites,waiteco01,,,-2,SFG
Ken Waldichuk,waldike01,,,-1,OAK
Christian Walker,walkech02,,1B,3,ARI
Taijuan Walker,walketa01,,SP,-1,PHI
Chad Wallach,wallach01,,C,2,LAA
Matt Wallner,wallnma01,,RF,9,MIN
Taylor Walls,wallsta01,,SS,6,TBR
Jared Walsh,walshja01,,1B,3,LAA
Andrew Wantz,wantzan01,,RP,-2,LAA
Taylor Ward,wardta01,,LF,7,LAA
Austin Warren,warreau01,,RP,-2,LAA
Drew Waters,waterdr01,,LF,7,KCR
Spenser Watkins,watkisp01,,,-1,OAK
Ryan Weathers,weathry01,,SP,-1,2TM
Luke Weaver,weavelu01,,RP,-2,3TM
Jacob Webb,webbja01,,RP,-2,2TM
Logan Webb,webblo01,,SP,-1,SFG
Ryan Weber,weberry01,,,-2,NYY
Jordan Weems,weemsjo01,,RP,-2,WSN
Greg Weissert,weissgr01,,RP,-2,NYY
Zack Weiss,weissza01,,,-2,2TM
Tyler Wells,wellsty01,,SP,-1,BAL
Joey Wendle,wendljo01,,2B,4,MIA
Joey Wentz,wentzjo01,,RP,-2,DET
Hayden Wesneski,wesneha01,,SP,-1,CHC
Zack Wheeler,wheelza01,,SP,-1,PHI
Eli White,whiteel04,,RF,9,ATL
Mitch White,whitemi03,,RP,-2,TOR
Garrett Whitlock,whitlga01,,RP,-2,BOS
Devin Williams,willide03,,RP,-2,MIL
Luke Williams,willilu01,,SS,6,2TM
Trevor Williams,willitr01,,SP,-1,WSN
Bryse Wilson,wilsobr02,,RP,-2,MIL
Steven Wilson,wilsost02,,RP,-2,SDP
Josh Winckowski,winckjo01,,RP,-2,BOS
Josh Winder,windejo01,,RP,-2,MIN
Jesse Winker,winkeje01,,DH,0,MIL
Patrick Wisdom,wisdopa01,,DH,0,CHC
Bobby Witt,wittbo02,Bobby Witt Jr.,SS,6,KCR
Nick Wittgren,wittgni01,,,-2,KCR
Connor Wong,wongco01,,C,2,BOS
Kolten Wong,wongko01,,,4,2TM
Alex Wood,woodal02,,SP,-1,SFG
Jake Woodford,woodfja01,,RP,-2,STL
Brandon Woodruff,woodrbr01,,SP,-1,MIL
Simeon Woods Richardson,woodssi01,,SP,-1,MIN
Kyle Wright,wrighky01,,,-1,ATL
Austin Wynns,wynnsau01,,C,2,3TM
Jimmy Yacabonis,yacabji01,,,-2,NYM
Ryan Yarbrough,yarbrry01,,RP,-2,2TM
Mike Yastrzemski,yastrmi01,,RF,9,SFG
Kirby Yates,yateski01,,RP,-2,ATL
Christian Yelich,yelicch01,,DH,0,MIL
Juan Yepez,yepezju01,,1B,3,STL
Alex Young,youngal01,,RP,-2,CIN
Danny Young,youngda02,,RP,-2,ATL
Jared Young,youngja02,,DH,0,CHC
Rob Zastryzny,zastrro01,,RP,-2,PIT
Seby Zavala,zavalse01,,C,2,2TM
Angel Zerpa,zerpaan01,,RP,-2,KCR
Bruce Zimmermann,zimmebr02,,SP,-1,BAL
Mike Zunino,zuninmi01,,,2,CLE
Andrew Abbott,abbotan01,,SP,-1,CIN
Wilyer Abreu,abreuwi02,,RF,9,BOS
Garrett Acton,actonga01,,RP,-2,OAK
Jordyn Adams,adamsjo03,,CF,8,LAA
Ty Adcock,adcocty01,,RP,-2,SEA
Logan Allen,allenlo02,,SP,-1,CLE
Jake Alu,aluja01,,,7,WSN
Jacob Amaya,amayaja01,,SS,6,MIA
Miguel Amaya,amayami01,,C,2,CHC
Grant Anderson,andergr01,,RP,-2,TEX
Clayton Andrews,andrecl02,,RP,-2,MIL
Sam Bachman,bachmsa01,,RP,-2,LAA
Patrick Bailey,bailepa01,,C,2,SFG
Luken Baker,bakerlu01,,DH,0,STL
Jordan Balazovic,balazjo02,,,-2,MIN
Osleivis Basabe,basabos01,,,6,TBR
Peyton Battenfield,battepe01,,,-1,CLE
Tristan Beck,becktr01,,RP,-2,SFG
Prelander Berroa,berropr01,,RP,-2,SEA
Tanner Bibee,bibeeta01,,SP,-1,CLE
Osvaldo Bido,bidoos01,,RP,-2,PIT
Cody Bolton,boltoco01,,RP,-2,PIT
Caleb Boushley,boushca01,,RP,-2,MIL
Jonathan Bowlan,bowlajo01,,RP,-2,KCR
Matt Bowman,bowmama01,,RP,-2,NYY
Joe Boyle,boylejo01,,SP,-1,OAK
Cody Bradford,bradfco01,,SP,-1,TEX
Taj Bradley,bradlta01,,SP,-1,TBR
Braden Bristo,bristbr01,,,-2,2TM
Jhony Brito,britojh01,,RP,-2,NYY
Nick Burdi,burdini01,,RP,-2,CHC
Michael Busch,buschmi02,,1B,3,LAD
Alan Busenitz,busenal01,,RP,-2,CIN
Lawrence Butler,butlela01,,RF,9,OAK
José Caballero,cabaljo01,,SS,6,SEA
Trey Cabbage,cabbatr01,,RF,9,LAA
Kelvin Caceres,cacerke01,,,-2,LAA
Blair Calvo,calvobl01,,,-2,COL
Junior Caminero,caminju01,,3B,5,TBR
Isaiah Campbell,campbis01,,RP,-2,SEA
Alexander Canario,canaral01,,LF,7,CHC
Dominic Canzone,canzodo01,,RF,9,2TM
Matt Carasiti,carasma01,,RP,-2,COL
Evan Carter,carteev01,,CF,8,TEX
Slade Cecconi,ceccosl01,,SP,-1,ARI
Oscar Colás,colasos01,,RF,9,CHW
Jimmy Cordero,cordeji01,,,-1,NYY
Tom Cosgrove,cosgrto01,,RP,-2,SDP
Dylan Covey,coveydy01,,,-1,2TM
Colton Cowser,cowseco01,,CF,8,BAL
Austin Cox,coxau01,,RP,-2,KCR
Declan Cronin,cronide01,,RP,-2,CHW
Tyler Cropley,croplty01,,,2,KCR
Pete Crow-Armstrong,crowape01,,CF,8,CHC
Steven Cruz,cruzst01,,RP,-2,KCR
Davis Daniel,danieda01,,SP,-1,LAA
Hagen Danner,danneha01,,,-2,TOR
Henry Davis,davishe01,,C,2,PIT
Enmanuel De Jesus,dejesen01,,,-2,MIA
Elly De La Cruz,delacel01,,SS,6,CIN
Jonny Deluca,delucjo01,Jonny DeLuca,CF,8,LAD
Dylan Dodd,dodddy01,,RP,-2,ATL
Jasson Dominguez,dominja01,Jasson Domínguez,LF,7,NYY
Brenton Doyle,doylebr02,,CF,8,COL
Tommy Doyle,doyleto01,,,-2,COL
Shawn Dubin,dubinsh01,,RP,-2,HOU
Cam Eden,edenca01,,,0,TOR
Xavier Edwards,edwarxa01,,2B,4,MIA
Christian Encarnacion-Strand,encarch01,,1B,3,CIN
Mason Englert,englema01,,RP,-2,DET
Lucas Erceg,erceglu01,,RP,-2,OAK
Jose Espada,espadjo01,,RP,-2,SDP
Joey Estes,estesjo01,,SP,-1,OAK
Angel Felipe,felipan01,,,-2,OAK
José Fermín,fermijo01,,2B,4,STL
Jose Ferrer,ferrejo01,,RP,-2,WSN
Tyler Fitzgerald,fitzgty01,,2B,4,SFG
Dominic Fletcher,fletcdo01,,RF,9,ARI
J.P. France,francjp01,,RP,-2,HOU
Sal Frelick,frelisa01,,RF,9,MIL
David Fry,fryda01,,DH,0,CLE
Shintaro Fujinami,fujinsh01,,,-1,2TM
Kody Funderburk,fundeko01,,RP,-2,MIN
Robert Garcia,garciro04,,RP,-2,2TM
Zack Gelof,gelofza01,,2B,4,OAK
Sawyer Gipson-Long,gipsosa01,,RP,-2,DET
Yoendrys Gómez,gomezyo01,,RP,-2,NYY
Nick Gonzales,gonzani01,,2B,4,PIT
Hunter Goodman,goodmhu01,,C,2,COL
Tristan Gray,graytr01,,2B,4,TBR
David Hamilton,hamilda03,,2B,4,BOS
Emerson Hancock,hancoem01,,SP,-1,SEA
Brenan Hanifee,hanifbr01,,RP,-2,DET
Hobie Harris,harriho02,,,-2,WSN
Hogan Harris,harriho03,,RP,-2,OAK
Kyle Harrison,harriky01,,SP,-1,SFG
Grant Hartwig,hartwgr01,,RP,-2,NYM
Brent Headrick,headrbr01,,RP,-2,MIN
Ben Heller,hellebe01,,RP,-2,ATL
Daysbel Hernández,hernada03,,RP,-2,ATL
Jose Hernandez,hernajo03,,RP,-2,PIT
Nick Hernandez,hernani01,,RP,-2,SDP
Tim Herrin,herriti01,,RP,-2,CLE
TJ Hopkins,hopkitj01,,,0,CIN
Spencer Horwitz,horwisp01,,1B,3,TOR
Bryan Hudson,hudsobr01,,RP,-2,LAD
Kyle Hurt,hurtky01,,RP,-2,LAD
Kolton Ingram,ingrako01,,,-2,LAA
Jake Irvin,irvinja01,,SP,-1,WSN
Alek Jacob,jacobal01,,RP,-2,SDP
Joe Jacques,jacqujo01,,RP,-2,BOS
Bryce Jarvis,jarvibr01,,RP,-2,ARI
Ben Joyce,joycebe01,,RP,-2,LAA
Edouard Julien,julieed01,,1B,3,MIN
Corey Julks,julksco01,,LF,7,HOU
Evan Justice,justiev01,,RP,-2,COL
Connor Kaiser,kaiseco01,,2B,4,COL
Ricky Karcher,karchri01,,,-2,CIN
Karl Kauffmann,kauffka01,,,-1,COL
Kevin Kelly,kellyke02,,RP,-2,TBR
Brett Kennedy,kennebr02,,,-1,CIN
Orion Kerkering,kerkeor01,,RP,-2,PHI
Grae Kessinger,kessigr01,,DH,0,HOU
Heston Kjerstad,kjershe01,,LF,7,BAL
Taylor Kohlwey,kohlwta01,,,7,SDP
Matt Krook,krookma01,,RP,-2,NYY
Joe La Sorsa,lasorjo01,,RP,-2,2TM
Jordan Lawlar,lawlajo01,,3B,5,ARI
Kyle Leahy,leahyky01,,RP,-2,STL
Casey Legumina,legumca01,,RP,-2,CIN
Jeff Lindgren,lindgje01,,,-2,MIA
Andre Lipcius,lipcian01,,,5,DET
Luke Little,littllu01,,RP,-2,CHC
Ben Lively,livelbe01,,SP,-1,CIN
Nick Loftin,loftini01,,LF,7,KCR
Irving Lopez,lopezir01,,,5,STL
Jacob Lopez,lopezja04,,SP,-1,TBR
José Lopez,lopezjo04,,,-2,TBR
Easton Lucas,lucasea01,,SP,-1,OAK
Marco Luciano,luciama01,,2B,4,SFG
Nathan Lukes,lukesna01,,RF,9,TOR
Drew Maggi,maggidr01,,,5,PIT
Michael Mariot,mariomi01,,,-2,CIN
Cade Marlowe,marloca01,,RF,9,SEA
Alec Marsh,marshal01,,SP,-1,KCR
Noelvi Marte,marteno01,,RF,9,CIN
J.P. Martínez,martijp01,,DH,0,TEX
Justin Martinez,martiju01,,RP,-2,ARI
Luis Matos,matoslu02,,RF,9,SFG
Ronny Mauricio,mauriro01,,3B,5,NYM
Zach McAllister,mcallza01,,,-2,NYY
James McArthur,mcartja01,,RP,-2,KCR
Mason McCoy,mccoyma01,,SS,6,TOR
Scott McGough,mcgousc01,,RP,-2,ARI
Matt McLain,mclaima01,,2B,4,CIN
John McMillon,mcmiljo01,,RP,-2,KCR
Curtis Mead,meadcu01,,1B,3,TBR
Parker Meadows,meadopa01,,CF,8,DET
Wade Meckler,mecklwa01,,,8,SFG
Victor Mederos,medervi01,,SP,-1,LAA
Luis Medina,medinlu02,,SP,-1,OAK
Matt Mervis,mervima01,,1B,3,CHC
Drew Millas,milladr01,,C,2,WSN
Bobby Miller,millebo06,,SP,-1,LAD
Bryce Miller,millebr04,,SP,-1,SEA
Mason Miller,millema03,,RP,-2,OAK
Carmen Mlodzinski,mlodzca01,,RP,-2,PIT
Andruw Monasterio,monasan01,,SS,6,MIL
Coco Montes,monteco01,,2B,4,COL
McKinley Moore,mooremc01,,,-2,PHI
Zach Muckenhirn,muckeza01,,,-2,NYM
Chris Murphy,murphch01,,RP,-2,BOS
Dane Myers,myersda01,,CF,8,MIA
Edgar Navarro,navared01,,,-2,CHW
Zach Neal,nealza01,,,-1,OAK
Zach Neto,netoza01,,SS,6,LAA
Kyle Nicolas,nicolky01,,RP,-2,PIT
Ryan Noda,nodary01,,1B,3,OAK
Reese Olson,olsonre01,,SP,-1,DET
Jonathan Ornelas,orneljo01,,SS,6,TEX
Joey Ortiz,ortizjo06,,SS,6,BAL
Daniel Palencia,palenda01,,RP,-2,CHC
Thomas Pannone,pannoth01,,,-2,MIL
Kyren Paris,parisky01,,CF,8,LAA
Wes Parsons,parsowe01,,RP,-2,TOR
Sammy Peralta,peralsa01,,RP,-2,CHW
Everson Pereira,pereiev01,,CF,8,NYY
Carlos Pérez,perezca02,,,2,OAK
Eury Pérez,perezeu02,,SP,-1,MIA
Hector Perez,perezhe02,,,-2,TBR
Blake Perkins,perkibl01,,CF,8,MIL
Brandon Pfaadt,pfaadbr01,,SP,-1,ARI
Connor Phillips,phillco01,,RP,-2,CIN
Riley Pint,pintri01,,RP,-2,COL
Logan Porter,portelo01,,C,2,KCR
Quinn Priester,priesqu01,,SP,-1,PIT
Juniel Querecuto,quereju01,,,5,STL
Johan Quezada,quezajo01,,,-2,MIA
Ceddanne Rafaela,rafaece01,,CF,8,BOS
Lane Ramsey,ramsela02,,,-2,CHW
Zach Remillard,remilza01,,2B,4,CHW
Lyon Richardson,richaly01,,RP,-2,CIN
Nick Robertson,roberni01,,RP,-2,2TM
Brayan Rocchio,rocchbr01,,SS,6,CLE
Endy Rodríguez,rodrien01,,1B,3,PIT
Grayson Rodriguez,rodrigr01,,SP,-1,BAL
José Rodríguez,rodrijo07,,,-2,SEA
José Rodriguez,rodrijo09,,,4,CHW
Johan Rojas,rojasjo03,,CF,8,PHI
Drew Rom,romdr01,,,-1,STL
Drew Rucinski,rucindr01,,,-1,OAK
Blake Rutherford,ruthebl01,,,7,WSN
Jackson Rutledge,rutleja01,,RP,-2,WSN
Ryder Ryan,ryanry01,,RP,-2,SEA
Andrew Saalfrank,saalfan01,,RP,-2,ARI
Blake Sabol,sabolbl01,,C,2,SFG
César Salazar,salazce01,,C,2,HOU
Eduardo Salazar,salazed01,,RP,-2,CIN
Nolan Schanuel,schanno01,,1B,3,LAA
Casey Schmitt,schmica01,,2B,4,SFG
Davis Schneider,schneda03,,LF,7,TOR
Jesse Scholtens,scholje01,,RP,-2,CHW
Chandler Seagle,seaglch01,,,0,SDP
Colin Selby,selbyco01,,RP,-2,PIT
Kodai Senga,sengako01,,SP,-1,NYM
Emmet Sheehan,sheehem01,,SP,-1,LAD
Braden Shewmake,shewmbr01,,SS,6,ATL
Jared Shuster,shustja01,,RP,-2,ATL
Jon Singleton,singljo02,,DH,0,2TM
AJ Smith-Shawver,smithaj01,,SP,-1,ATL
Tyler Soderstrom,soderty01,,LF,7,OAK
George Soriano,soriage01,,RP,-2,MIA
José Soriano,soriajo02,,SP,-1,LAA
Michael Soroka,sorokmi01,,SP,-1,ATL
Alex Speas,speasal01,,RP,-2,TEX
Carson Spiers,spierca01,,SP,-1,CIN
Brock Stewart,stewabr01,,RP,-2,MIN
Gavin Stone,stonega01,,SP,-1,LAD
Levi Stoudt,stoudle01,,,-1,CIN
Hunter Stratton,strathu01,,RP,-2,PIT
Andrew Suárez,suarean01,,,-2,STL
Brett Sullivan,sullibr01,,C,2,SDP
Devin Sweet,sweetde01,,,-2,2TM
Samad Taylor,taylosa04,,RF,9,KCR
José Tena,tenajo01,,3B,5,CLE
Juan Then,thenju01,,,-2,SEA
Michael Tonkin,tonkimi01,,RP,-2,ATL
Jared Triolo,triolja01,,SS,6,PIT
Brice Turang,turanbr02,,2B,4,MIL
Abner Uribe,uribeab01,,RP,-2,MIL
Enmanuel Valdez,valdeen01,,1B,3,BOS
Chris Vallimont,vallich01,,,-2,BAL
Carlos Vargas,vargaca01,,RP,-2,ARI
Gus Varland,varlagu01,,RP,-2,2TM
Randy Vásquez,vasqura02,,SP,-1,NYY
Anthony Veneziano,venezan01,,RP,-2,KCR
Thyago Vieira,vieirth01,,RP,-2,MIL
Darius Vines,vinesda01,,SP,-1,ATL
Victor Vodnik,vodnivi01,,RP,-2,COL
Anthony Volpe,volpean01,,SS,6,NYY
Matt Waldron,waldrma01,,SP,-1,SDP
Jordan Walker,walkejo02,,RF,9,STL
Josh Walker,walkejo03,,RP,-2,NYM
Ryan Walker,walkery01,,RP,-2,SFG
Forrest Wall,wallfo01,,LF,7,ATL
Brandon Walter,waltebr01,,SP,-1,BOS
Thaddeus Ward,wardth01,,,-2,WSN
Austin Wells,wellsau01,,C,2,NYY
Jordan Westburg,westbjo01,,3B,5,BAL
Brendan White,whitebr01,,,-1,DET
Owen White,whiteow01,,RP,-2,TEX
Jordan Wicks,wicksjo01,,RP,-2,CHC
Joey Wiemer,wiemejo01,,RF,9,MIL
Alika Williams,willial04,,2B,4,PIT
Gavin Williams,williga01,,SP,-1,CLE
Brandon Williamson,willibr02,,SP,-1,CIN
Amos Willingham,william01,,RP,-2,WSN
Weston Wilson,wilsowe01,,LF,7,PHI
Allan Winans,winanal01,,RP,-2,ATL
Trey Wingenter,wingetr01,,RP,-2,DET
Keaton Winn,winnke01,,RP,-2,SFG
Masyn Winn,winnma01,,SS,6,STL
Brett Wisely,wiselbr01,,2B,4,SFG
Jackson Wolf,wolfja01,,,-1,SDP
Jake Wong,wongja01,,,-2,CIN
Bryan Woo,woobr01,,SP,-1,SEA
Randy Wynne,wynnera01,,RP,-2,CIN
Masataka Yoshida,yoshima02,,DH,0,BOS
Jacob Young,youngja03,,CF,8,WSN
Guillermo Zuñiga,zuniggu01,,RP,-2,STL
Blaze Alexander,alexabl01,,3B,5,ARI
Jorge Barrosa,barrojo01,,CF,8,ARI
Jackson Chourio,chourja01,,CF,8,MIL
Oliver Dunn,dunnol01,,3B,5,MIL
Justin Foscue,foscuju01,,1B,3,TEX
Darell Hernaiz,hernada04,,SS,6,OAK
Jackson Holliday,hollija01,,2B,4,BAL
Colt Keith,keithco01,,DH,0,DET
Wyatt Langford,langfwy01,,LF,7,TEX
Jung Hoo Lee,leeju01,Jung-hoo Lee,CF,8,SFG
Trey Lipscomb,lipsctr01,,1B,3,WSN
Austin Martin,martiau01,,LF,7,MIN
Kyle McCann,mccanky01,,C,2,OAK
Jackson Merrill,merrija01,,CF,8,SDP
Nasim Nuñez,nunezna01,Nasim Nuñez,SS,6,WSN
Pedro Pagés,pagespe02,Pedro Pagés,C,2,STL
Graham Pauley,paulegr01,,3B,5,SDP
Wenceel Pérez,perezwe01,Wenceel Pérez,RF,9,DET
Miguel Sanó,sanomi01,Miguel Sanó,3B,5,LAA
Max Schuemann,schuema01,,2B,4,OAK
Victor Scott II,scottvi01,,CF,8,STL
Austin Shenton,shentau01,,1B,3,TBR
Davis Wendzel,wendzda01,,3B,5,TEX
Justin Anderson,anderju01,,RP,-2,CHW
Matt Andriese,andrima01,,RP,-2,MIA
Spencer Arrighetti,arrigsp01,,SP,-1,HOU
Nick Avila,avilani01,,RP,-2,SFG
Tyler Beede,beedety01,,RP,-2,CLE
Clayton Beeter,beetecl01,,RP,-2,NYY
Anthony Bender,bendean01,,RP,-2,MIA
Ben Brown,brownbe02,,SP,-1,CHC
Brett de Geus,degeubr01,,RP,-2,SEA
Kent Emanuel,emanuke01,,RP,-2,MIA
Erick Fedde,feddeer01,,SP,-1,CHW
Ryan Fernandez,fernary01,,RP,-2,STL
J.P. Feyereisen,feyerjo01,,RP,-2,LAD
Luis Gil,gillu01,,SP,-1,NYY
Vladimir Gutierrez,gutievl01,,RP,-2,MIA
Blair Henley,henlebl01,,SP,-1,HOU
Shota Imanaga,imanash01,,SP,-1,CHC
Tyler Jay,jayty01,,RP,-2,NYM
Daulton Jefferies,jeffeda01,,RP,-2,SFG
Jared Jones,jonesja09,,SP,-1,PIT
Stephen Kolek,kolekst01,,SP,-1,SDP
Jordan Leasure,leasujo01,,RP,-2,CHW
Josh Maciejewski,maciejo01,,RP,-2,NYY
Yuki Matsui,matsuyu01,,RP,-2,SDP
Tyler Matzek,matzety01,,RP,-2,ATL
Max Meyer,meyerma01,,SP,-1,MIA
Erik Miller,milleer01,,RP,-2,SFG
Anthony Molina,molinan01,,RP,-2,COL
Dedniel Núñez,nunezde01,,RP,-2,NYM
Riley O'Brien,obrieri01,,RP,-2,STL
Ricardo Pinto,pintori01,,RP,-2,PHI
Joe Ross,rossjo01,,RP,-2,MIL
Landen Roupp,rouppla01,,SP,-1,SFG
Sixto Sánchez,sanchsi01,,SP,-1,MIA
Matt Sauer,sauerma01,,RP,-2,KCR
Justin Slaten,slateju01,,RP,-2,BOS
Burch Smith,smithbu03,,RP,-2,MIA
Cade Smith,smithca06,,RP,-2,CLE
Mitch Spence,spencmi01,,RP,-2,OAK
Hunter Strickland,strichu01,,RP,-2,LAA
Dillon Tate,tatedi01,,RP,-2,BAL
Kai-Wei Teng,tengka01,,SP,-1,SFG
Jacob Waguespack,wagueja01,,RP,-2,TBR
Justin Wilson,wilsoju10,,RP,-2,CIN
Yoshinobu Yamamoto,yamamyo01,,SP,-1,LAD
David Bañuelos,banueda01,,DH,0,BAL
Addison Barger,bargead01,,3B,5,TOR
Jordan Beck,beckjo01,,LF,7,COL
Tyler Black,blackty01,,DH,0,MIL
Ryan Bliss,blissry01,,2B,4,SEA
Trenton Brooks,brooktr01,,DH,0,SFG
Jair Camargo,camarja01,,C,2,MIN
Daz Cameron,camerda01,,RF,9,OAK
Jonatan Clase#,clasejo01,Jonatan Clase,LF,7,SEA
Zach DeLoach,deloaza01,,RF,9,CHW
Niko Goodrum#,goodrni01,Niko Goodrum,LF,7,TOT
Brett Harris,harribr02,,3B,5,OAK
Jacob Hurtubise,hurtuja01,,DH,0,CIN
Alex Jackson,jacksal02,,C,2,TBR
Grant Koch,kochgr01,,C,2,PIT
Joey Loperfido,loperjo01,,LF,7,HOU
Otto Lopez,lopezot01,,SS,6,MIA
Kyle Manzardo,manzaky01,,DH,0,CLE
Andy Pages,pagesan01,,CF,8,LAD
Jhonny Pereda,peredjh01,,C,2,MIA
Bryan Ramos,ramosbr01,,3B,5,CHW
Jakson Reetz,reetzja01,,C,2,SFG
Leo Rivas#,rivasle01,Leo Rivas,2B,4,SEA
Johnathan Rodríguez,rodrijo10,,RF,9,CLE
Chris Roller,rollech01,,CF,8,MIL
Luis Vázquez,vazqulu01,,3B,5,CHC
Ryan Vilade,viladry01,,RF,9,DET
Logan Allen,allenlo01,,RP,-2,ARI
Shaun Anderson,andersh01,,RP,-2,TEX
Mason Black,blackma01,,RP,-2,SFG
Cam Booser,booseca01,,RP,-2,BOS
Aaron Brooks,brookaa01,,SP,-1,OAK
Jonathan Cannon,cannojo02,,SP,-1,CHW
Tyler Ferguson,ferguty01,,RP,-2,OAK
Gerson Garabito,garabge01,,RP,-2,TEX
Robert Gasser,gassero01,,SP,-1,MIL
Ronny Henriquez,henriro01,,RP,-2,MIN
Elieser Hernández,hernael01,,RP,-2,LAD
Porter Hodge,hodgepo01,,RP,-2,CHC
Will Klein,kleinwi01,,RP,-2,KCR
Landon Knack,knackla01,,SP,-1,LAD
Jared Koenig,koenija01,,RP,-2,MIL
Zac Kristofak,kristza01,,RP,-2,LAA
Jack Leiter,leiteja01,,SP,-1,TEX
Brendon Little,littlbr02,,RP,-2,TOR
Anthony Maldonado,maldoan01,,RP,-2,MIA
Keider Montero,monteke01,,SP,-1,DET
Roddery Muñoz,munozro01,,RP,-2,MIA
Tobias Myers,myersto01,,RP,-2,MIL
Nick Nastrini,nastrni01,,SP,-1,CHW
Jack O'Loughlin,olougja01,,RP,-2,OAK
Enoli Paredes,pareden01,,RP,-2,MIL
Mitchell Parker,parkemi01,,SP,-1,WSN
Cody Poteet,poteeco01,,RP,-2,NYY
Emmanuel Ramirez,ramirem01,,RP,-2,MIA
Manuel Rodríguez,rodrima01,,RP,-2,TBR
Randy Rodríguez,rodrira02,,RP,-2,SFG
Yariel Rodríguez,rodriya01,,RP,-2,TOR
Josh Rogers,rogerjo01,,RP,-2,COL
Chris Roycroft,roycrch01,,RP,-2,STL
Spencer Schwellenbach,schwesp01,,SP,-1,ATL
Christian Scott,scottch01,,SP,-1,NYM
Paul Skenes,skenepa01,,SP,-1,PIT
Albert Suárez,suareal01,,RP,-2,BAL
Jesús Tinoco,tinocje01,,RP,-2,TEX
Blake Treinen,treinbl01,,RP,-2,LAD
Kyle Tyler,tylerky01,,SP,-1,MIA
Naoyuki Uwasawa,uwasana01,,RP,-2,BOS
Ricky Vanasco,vanasri01,,RP,-2,LAD
Eli Villalobos,villael02,,RP,-2,MIA
Blake Walston,walstbl01,,RP,-2,ARI
Forrest Whitley,whitlfo01,,RP,-2,HOU
Cole Winn,winnco01,,RP,-2,TEX
Adael Amador#,amadoad01,Adael Amador,2B,4,COL
David Bote,boteda01,,3B,5,CHC
Blake Dunn,dunnbl01,,RF,9,CIN
Duke Ellis,ellisdu01,,DH,0,CHW
Jose Iglesias,iglesjo01,,2B,4,NYM
Greg Jones#,jonesgr02,Greg Jones,DH,0,COL
Tyler Locklear,locklty01,,1B,3,SEA
Justyn-Henry Malloy,malloju02,,DH,0,DET
Connor Norby,norbyco01,,3B,5,BAL
Daniel Schneemann,schneda04,,2B,4,CLE
Jamie Westbrook,westbja02,,2B,4,BOS
Dan Altavilla,altavda01,,RP,-2,KCR
Brady Basso,bassobr01,,RP,-2,OAK
Ryan Burr,burrry01,,RP,-2,TOR
Humberto Castellanos,castehu01,,RP,-2,ARI
Angel Chivilli,chivian01,,RP,-2,COL
DJ Herz,herzdj01,,SP,-1,WSN
Ryan Loutos,loutory01,,RP,-2,STL
Adam Mazur,mazurad01,,SP,-1,SDP
James Meeker,meekeja01,,RP,-2,MIL
Michel Otañez,otanemi01,,RP,-2,OAK
Cade Povich,povicca01,,SP,-1,BAL
Justin Sterner,sternju01,,RP,-2,TBR
Hurston Waldrep,waldrhu01,,SP,-1,ATL
Luisangel Acuña,acunajo01,,2B,4,NYM
Kevin Alcántara,alcanke01,,CF,8,CHC
CJ Alexander,alexacj01,,1B,3,KCR
Armando Alvarez,alvarar01,,3B,5,OAK
Eddy Alvarez,alvared01,,2B,4,NYM
Nacho Alvarez Jr.,alvarna01,,3B,5,ATL
Darren Baker,bakerda02,,DH,0,WSN
Brooks Baldwin#,baldwbr01,Brooks Baldwin,LF,7,CHW
Steward Berroa#,berrost01,Steward Berroa,CF,8,TOR
Rob Brantly,brantro01,,C,2,TBR
Gustavo Campero#,campegu01,Gustavo Campero,RF,9,LAA
Andrés Chaparro,chapaan01,,1B,3,WSN
Isaac Collins#,colliis01,Isaac Collins,LF,7,MIL
Griffin Conine,coningr01,,LF,7,MIA
Billy Cook,cookbi01,,RF,9,PIT
Dylan Crews,crewsdy01,,RF,9,WSN
Luis De Los Santos,deloslu03,,3B,5,TOR
Adrian Del Castillo,delcaad01,,DH,0,ARI
José Devers,deverjo01,,1B,3,MIA
Zach Dezenzo,dezenza01,,LF,7,HOU
Dillon Dingler,dingldi01,,C,2,DET
Logan Driscoll,drisclo01,,C,2,TBR
Jerar Encarnación,encarje01,,RF,9,SFG
Sandro Fabian,fabiasa01,,LF,7,TEX
Hunter Feduccia,feduchu01,,C,2,LAD
Aramis Garcia,garciar01,,C,2,PHI
Mickey Gasper#,gaspemi01,Mickey Gasper,C,2,BOS
Tyler Gentry,gentrty01,,RF,9,KCR
Dustin Harris,harridu01,,LF,7,TEX
Michael Helman,helmami01,,CF,8,MIN
Brewer Hicklen,hicklbr01,,CF,8,MIL
Rece Hinds,hindsre01,,RF,9,CIN
Keston Hiura,hiurake01,,1B,3,LAA
Joe Hudson,hudsojo03,,C,2,NYM
Leo Jiménez,jimenle01,,2B,4,TOR
Daniel Johnson,johnsda07,,DH,0,BAL
Levi Jordan,jordale01,,LF,7,CIN
Jace Jung,jungja01,,3B,5,DET
Niko Kavadas,kavadni01,,1B,3,LAA
DaShawn Keirsey,keirsda01,,RF,9,MIN
Andrew Knapp#,knappan01,Andrew Knapp,C,2,SFG
Charles Leblanc,leblach01,,3B,5,LAA
Brooks Lee#,leebr02,Brooks Lee,SS,6,MIN
Pedro León,leonpe01,,RF,9,HOU
Brandon Lockridge,lockrbr01,,LF,7,SDP
Jack López,lopezja03,,2B,4,LAA
Rafael Marchán#,marchra01,Rafael Marchán,C,2,PHI
Ángel Martínez#,martian02,Ángel Martínez,CF,8,CLE
Orelvis Martínez,martior01,Orelvis Martinez,2B,4,TOR
Coby Mayo,mayoco01,,1B,3,BAL
Grant McCray,mccragr01,,RF,9,SFG
Kameron Misner,misneka01,,CF,8,TBR
Carlos Narváez,narvaca01,,C,2,NYY
Jhonkensy Noel,noeljh01,,RF,9,CLE
Ben Rice,ricebe01,,1B,3,NYY
Chuckie Robinson,robinch04,,C,2,CHW
Drew Romo#,romodr01,Drew Romo,DH,0,COL
Thomas Saggese,saggeth01,,2B,4,STL
Alí Sánchez,sanchal04,,C,2,MIA
Javier Sanoja,sanojja01,,3B,5,MIA
Aaron Schunk,schunaa01,,SS,6,COL
Nick Sogard#,sogarni01,Nick Sogard,1B,3,BOS
Trey Sweeney,sweentr01,,SS,6,DET
Bryce Teodosio,teodobr01,,CF,8,LAA
Eric Wagaman,wagamer01,,1B,3,LAA
Will Wagner,wagnewi01,,3B,5,TOR
Donovan Walton,waltodo01,,2B,4,SFG
Shay Whitcomb,whitcsh01,,2B,4,HOU
Jacob Wilson,wilsoja05,,SS,6,OAK
James Wood,woodja03,,LF,7,WSN
Eric Yang,yanger01,,DH,0,CIN
Nick Yorke,yorkeni01,,2B,4,PIT
Julian Aguiar,aguiaju01,,SP,-1,CIN
Sam Aldegheri,aldegsa01,,SP,-1,LAA
Lake Bachar,bachala01,,RP,-2,MIA
Valente Bellozo,bellova01,,RP,-2,MIA
Jonathan Bermúdez,bermujo01,,RP,-2,MIA
Hunter Bigge,biggehu01,,RP,-2,2TM
Hayden Birdsong,birdsha01,,RP,-2,SFG
Spencer Bivens,bivensp01,,RP,-2,SFG
Bradley Blalock,blalobr01,,SP,-1,2TM
Scott Blewett,blewesc01,,RP,-2,MIN
Jake Bloss,blossja01,,SP,-1,HOU
Zach Brzykcy,brzykza01,,RP,-2,WSN
David Buchanan,buchada01,,RP,-2,CIN
Raymond Burgos,burgora01,,RP,-2,SFG
Sean Burke,burkese01,,SP,-1,CHW
Mike Burrows,burromi01,,SP,-1,PIT
Ky Bush,bushky01,,SP,-1,CHW
Joey Cantillo,cantijo01,,RP,-2,CLE
Ben Casparius,caspabe01,,RP,-2,LAD
Marc Church,churcma01,,RP,-2,TEX
Luis Contreras,contrlu01,,RP,-2,HOU
Jeff Criswell,criswje01,,RP,-2,COL
Hans Crouse,crousha01,,RP,-2,LAA
Caden Dana,danaca01,,SP,-1,LAA
Austin Davis,davisau01,,RP,-2,SDP
Yilber Díaz,diazyi01,,RP,-2,ARI
Randy Dobnak,dobnara01,,RP,-2,MIN
Parker Dunshee,dunshpa01,,RP,-2,ATL
Jake Eder,ederja01,,RP,-2,CHW
Scott Effross,effrosc01,,RP,-2,NYY
Brandon Eisert,eiserbr01,,RP,-2,TOR
Fraser Ellard,ellarfr01,,RP,-2,CHW
Brady Feigl,feiglbr01,,RP,-2,PIT
David Festa,festada01,,SP,-1,MIN
Richard Fitts,fittsri01,,SP,-1,BOS
Matt Foster,fostema01,,RP,-2,CHW
Lucas Gilbreath,gilbrlu01,,RP,-2,COL
Connor Gillispie,gillico01,,SP,-1,CLE
J.T. Ginn,ginnjt01,,SP,-1,OAK
Tanner Gordon,gordota01,,SP,-1,COL
Anthony Gose,gosean01,,RP,-2,CLE
Gordon Graceffo,gracego01,,RP,-2,STL
Sean Guenther,guentse01,,RP,-2,DET
Luis Guerrero,guerrlu01,,RP,-2,BOS
Seth Halvorsen,halvose01,,RP,-2,COL
Edgardo Henriquez,henried01,,RP,-2,LAD
Jaden Hill,hillja01,,RP,-2,COL
Grant Holman,holmagr01,,RP,-2,OAK
Grant Holmes,holmegr01,,SP,-1,ATL
Bailey Horn,hornba01,,RP,-2,BOS
Brant Hurter,hurtebr01,,RP,-2,DET
Jairo Iriarte,iriarja01,,RP,-2,CHW
Jackson Jobe,jobeja01,,SP,-1,DET
Seth Johnson,johnsse01,,RP,-2,PHI
Casey Kelly,kellyca01,,RP,-2,CIN
Bryan King,kingbr02,,RP,-2,HOU
Austin Kitchen,kitchau01,,RP,-2,MIA
Adam Kloffenstein,kloffad01,,RP,-2,STL
Jack Kochanowicz,kochaja01,,SP,-1,LAA
Evan Kravetz,kraveev01,,RP,-2,CIN
Max Lazar,lazarma01,,RP,-2,PHI
Brandon Leibrandt,leibrbr01,,RP,-2,CIN
Rhett Lowder,lowderh01,,SP,-1,CIN
Ty Madden,maddety01,,RP,-2,DET
Davis Martin,martida03,,SP,-1,CHW
Zebby Matthews,matthze01,,SP,-1,MIN
Isaac Mattson,mattsis01,,RP,-2,PIT
Chayce McDermott,mcderch01,,RP,-2,BAL
Trevor McDonald,mcdontr01,,SP,-1,SFG
Michael McGreevy,mcgremi01,,SP,-1,STL
Cristian Mena,menacr01,,RP,-2,ARI
Michael Mercado,mercami01,,RP,-2,PHI
Ryan Miller,millery01,,RP,-2,LAA
Mason Montgomery,montgma01,,RP,-2,TBR
Tommy Nance,nanceto01,,RP,-2,TOR
Jack Neely,neelyja01,,RP,-2,CHC
Eric Orze,orzeer01,,RP,-2,NYM
Walter Pennington,penniwa01,,RP,-2,2TM
Zach Penrod,penroza01,,RP,-2,BOS
Luis Peralta,perallu01,,RP,-2,COL
Michael Petersen,petermi01,,RP,-2,2TM
Tyler Phillips,phillty01,,RP,-2,PHI
Sean Reynolds,reynose01,,RP,-2,SDP
Orlando Ribalta,ribalor01,,RP,-2,WSN
Daniel Robert,roberda11,,RP,-2,TEX
Ethan Roberts,roberet01,,RP,-2,CHC
Kumar Rocker,rockeku01,,SP,-1,TEX
Carlos Rodríguez,rodrica02,,RP,-2,MIL
River Ryan,ryanri01,,SP,-1,LAD
Erik Sabrowski,sabroer01,,RP,-2,CLE
Bryan Sammons,sammobr01,,RP,-2,DET
Chase Shugart,shugach01,,RP,-2,BOS
Troy Taylor,taylotr01,,RP,-2,SEA
Drew Thorpe,thorpdr01,,SP,-1,CHW
Andrew Walters,waltean01,,RP,-2,CLE
Will Warren,warrewi01,,SP,-1,NYY
Justin Wrobleski,wroblju01,,RP,-2,LAD
Ryan Zeferjahn,zeferry01,,RP,-2,LAA
Tyler Zuber,zuberty01,,RP,-2,TBR
Yosver Zulueta,zulueyo01,,RP,-2,CIN
Kristian Campbell,campbkr01,,2B,4,BOS
Max Muncy,muncyma02,,3B,5,ATH
Jake Mangum#,manguja01,Jake Mangum,LF,7,TBR
Matt Shaw,shawma01,,3B,5,CHC
Alan Roden*,rodenal01,Alan Roden,LF,7,TOR
Cam Smith,smithca07,,RF,9,HOU
Liam Hicks*,hicksli01,Liam Hicks,C,2,MIA
Drake Baldwin*,baldwdr01,Drake Baldwin,C,2,ATL
Zac Veen*,veenza01,Zac Veen,LF,7,COL
Tim Tawa,tawati01,,2B,4,ARI
Chase Meidroth,meidrch01,,SS,6,CHW
Hayden Senger,sengeha01,,C,2,NYM
Ben Williamson,willibe03,,3B,5,SEA
J.C. Escarra*,escarjc01,J.C. Escarra,C,2,NYY
Yohel Pozo,pozoyo01,,C,2,STL
Christian Koss,kossch01,,2B,4,SFG
Luke Keaschall,keasclu01,,2B,4,MIN
Caleb Durbin,durbica01,,3B,5,MIL
Edgar Quero#,queroed01,Edgar Quero,C,2,CHW
Gage Workman*,workmga01,Gage Workman,3B,5,CHC
Chandler Simpson*,simpsch01,Chandler Simpson,CF,8,TBR
Tsung-Che Cheng*,chengts01,Tsung-Che Cheng,SS,6,PIT
Braxton Fulford,fulfobr01,,C,2,COL
Tyler Tolbert,tolbety01,,DH,0,KCR
Tirso Ornelas*,ornelti01,Tirso Ornelas,LF,7,SDP
Shane Smith,smithsh02,,SP,-1,CHW
Chad Patrick,patrich01,,SP,-1,MIL
Tomoyuki Sugano,suganto01,,SP,-1,BAL
Roki Sasaki,sasakro01,,SP,-1,LAD
Ryan Gusto,gustory01,,SP,-1,HOU
Kyle Hart*,hartky01,Kyle Hart,RP,-2,SDP
Chase Dollander,dollach01,,SP,-1,COL
Jack Dreyer*,dreyeja01,Jack Dreyer,RP,-2,LAD
Max Kranick,kranima01,,RP,-2,NYM
Brad Lord,lordbr02,,RP,-2,WSN
Mike Vasil,vasilmi01,,RP,-2,CHW
Hunter Dobbins,dobbihu01,,SP,-1,BOS
Noah Murdock,murdono01,,RP,-2,ATH
Lou Trivino,trivilo01,,RP,-2,SFG
Ryan Johnson,johnsry01,,RP,-2,LAA
Tom Harrington,harrito03,,RP,-2,PIT
Luis Castillo,castilu03,,SP,-1,SEA
Mason Fluharty*,fluhama01,Mason Fluharty,RP,-2,TOR
Luarbert Árias,ariaslu01,,RP,-2,MIA
Logan Henderson,hendelo01,,SP,-1,MIL
Garrett McDaniels*,mcdanga01,Garrett McDaniels,RP,-2,LAA
Connor Thomas*,thomaco02,Connor Thomas,RP,-2,MIL
Michael Darrell-Hicks,darremi01,,RP,-2,LAA
Paxton Schultz,schulpa01,,RP,-2,TOR
Jesse Hahn,hahnje01,,RP,-2,SEA
Brandon Young,youngbr01,,SP,-1,BAL
Jason Alexander,alexaja01,,SP,-1,ATH
Omar Cruz*,cruzom01,Omar Cruz,RP,-2,SDP
Patrick Monteverde*,montepa01,Patrick Monteverde,RP,-2,MIA
Zach Thompson,thompza01,,RP,-2,ATL
Logan VanWey,vanwelo01,,RP,-2,HOU
Justin Hagenman,hagenju01,,RP,-2,NYM
Cade Gibson*,gibsoca01,Cade Gibson,RP,-2,MIA
Evan Sisk*,siskev01,Evan Sisk,RP,-2,KCR
Cole Henry,henryco01,,RP,-2,WSN
Robert Stock,stockro01,,RP,-2,BOS
Zach Agnos,agnosza01,,RP,-2,COL
Juan Morillo,morilju02,,RP,-2,ARI
Matt Svanson,svansma01,,RP,-2,STL
Agustín Ramírez,ramirag01,,C,2,MIA
Nick Kurtz*,kurtzni01,Nick Kurtz,1B,3,ATH
Ronny Simón#,simonro01,Ronny Simón,2B,4,MIA
Matt Gorski,gorskma01,,1B,3,PIT
Jorbit Vivas*,vivasjo01,Jorbit Vivas,2B,4,NYY
Hyeseong Kim*,kimhy02,Hyeseong Kim,2B,4,LAD
Will Wilson,wilsowi03,,2B,4,CLE
Matthew Lugo,lugoma01,,CF,8,LAA
Tim Elko,elkoti01,,1B,3,CHW
Maverick Handley,handlma01,,C,2,BAL
Blaine Crim,crimbl01,,1B,3,TEX
Moisés Ballesteros*,ballemo01,Moisés Ballesteros,DH,0,CHC
Dalton Rushing*,rushida01,Dalton Rushing,C,2,LAD
Rhylan Thomas*,thomarh01,Rhylan Thomas,RF,9,SEA
Tyler Callihan*,callity01,Tyler Callihan,LF,7,CIN
Ryan Fitzgerald*,fitzgry01,Ryan Fitzgerald,2B,4,MIN
Juan Mejia,mejiaju01,,RP,-2,COL
Tyler Owens,owensty01,,RP,-2,DET
Logan Evans,evanslo01,,SP,-1,SEA
Gunnar Hoglund,hoglugu01,,SP,-1,ATH
Noah Cameron*,camerno01,Noah Cameron,SP,-1,KCR
Cade Horton,hortoca01,,SP,-1,CHC
Chase Lee,leech02,,RP,-2,DET
Drew Pomeranz*,pomerdr01,Drew Pomeranz,RP,-2,CHC
Luis Mey,meylu01,,RP,-2,CIN
José Fermín,fermijo02,,RP,-2,LAA
Craig Yoho,yohocr01,,RP,-2,MIL
Chase Petty,pettych02,,SP,-1,CIN
Zak Kent,kentza01,,RP,-2,CLE
Colton Gordon*,gordoco01,Colton Gordon,SP,-1,HOU
Brandon Waddell*,waddebr01,Brandon Waddell,RP,-2,NYM
Ryan Bergert,bergery01,,SP,-1,SDP
AJ Blubaugh,blubaaj01,,RP,-2,HOU
Carson Palmquist*,palmqca01,Carson Palmquist,SP,-1,COL
Braydon Fisher,fishebr02,,RP,-2,TOR
Blade Tidwell,tidwebl01,,SP,-1,NYM
Doug Nikhazy*,nikhado01,Doug Nikhazy,SP,-1,CLE
Elvis Alvarado,alvarel01,,RP,-2,ATH
Caleb Freeman,freemca01,,RP,-2,CHW
Sauryn Lao,laosa01,,RP,-2,SEA
Ryan Rolison*,rolisry01,Ryan Rolison,RP,-2,COL
Grant Wolfram*,wolfrgr01,Grant Wolfram,RP,-2,BAL
Nathan Wiles,wilesna01,,RP,-2,ATL
Denzel Clarke,clarkde02,,CF,8,ATH
Robert Hassell III*,hassero02,Robert Hassell III,CF,8,WSN
Marcelo Mayer*,mayerma01,Marcelo Mayer,3B,5,BOS
Jac Caglianone*,caglija01,Jac Caglianone,RF,9,KCR
Cole Young*,youngco01,Cole Young,2B,4,SEA
Daylen Lile*,lileda01,Daylen Lile,RF,9,WSN
Ryan Ritter,rittery01,,SS,6,COL
Otto Kemp,kempot01,,3B,5,PHI
Heriberto Hernández,hernahe01,,LF,7,MIA
Alejandro Osuna*,osunaal02,Alejandro Osuna,LF,7,TEX
Roman Anthony*,anthoro01,Roman Anthony,RF,9,BOS
Willie MacIver,macivwi01,,C,2,ATH
John Rave*,ravejo01,John Rave,RF,9,KCR
Kyle Teel*,teelky01,Kyle Teel,C,2,CHW
Jacob Melton*,meltoja01,Jacob Melton,CF,8,HOU
Christian Moore,moorech03,,2B,4,LAA
Brady House,housebr01,,3B,5,WSN
Logan Davidson#,davidlo01,Logan Davidson,1B,3,ATH
Scott Kingery,kingesc01,,2B,4,LAA
Drew Avans*,avansdr01,Drew Avans,LF,7,2TM
Will Robertson*,roberwi02,Will Robertson,LF,7,TOR
Víctor Mesa Jr.*,mesavi01,Víctor Mesa Jr.,LF,7,MIA
Jack Winkler,winklja01,,2B,4,MIA
Dom Nuñez*,nunezdo01,Dom Nuñez,C,2,CLE
Carson McCusker,mccusca01,,RF,9,MIN
Mick Abel,abelmi01,,SP,-1,PHI
David Morgan,morgada01,,RP,-2,SDP
Braxton Ashcraft,ashcrbr01,,RP,-2,PIT
Jacob Misiorowski,misioja01,,SP,-1,MIL
Nic Enright,enrigni01,,RP,-2,CLE
Andre Granillo,granian01,,RP,-2,STL
Dylan Smith,smithdy01,,RP,-2,DET
Kyle Backhus*,backhky01,Kyle Backhus,RP,-2,ARI
Didier Fuentes,fuentdi01,,SP,-1,ATL
Grant Taylor,taylogr02,,RP,-2,CHW
Blas Castano,castabl01,,RP,-2,SEA
Alan Rangel,rangeal01,,RP,-2,PHI
Christian Montes De Oca,montech01,,RP,-2,ARI
JT Brubaker,brubajt01,,RP,-2,NYY
Paul Gervase,gervapa01,,RP,-2,TBR
Wikelman González,gonzawi02,,RP,-2,CHW
Andrew Hoffmann,hoffman01,,RP,-2,KCR
Jack Little,littlja02,,RP,-2,LAD
Ian Seymour*,seymoia01,Ian Seymour,RP,-2,TBR
Josh Simpson*,simpsjo02,Josh Simpson,RP,-2,MIA
Bradgley Rodríguez,rodribr01,,RP,-2,SDP
Codi Heuer,heuerco01,,RP,-2,TEX
Yaramil Hiraldo,hiralya01,,RP,-2,BAL
Jake Palisch*,palisja01,Jake Palisch,RP,-2,CHW
Robinson Piña,pinaro01,,RP,-2,MIA
Kade Strowd,strowka01,,RP,-2,BAL
Carlos Durán,duranca01,,RP,-2,ATH
Colson Montgomery*,montgco01,Colson Montgomery,SS,6,CHW
Yanquiel Fernández*,fernaya01,Yanquiel Fernández,DH,0,COL
Chad Stevens,stevech02,,2B,4,LAA
Anthony Seigler#,seiglan01,Anthony Seigler,3B,5,MIL
Colby Thomas,thomaco03,,RF,9,ATH
Brice Matthews,matthbr01,,2B,4,HOU
Sergio Alcántara#,alcanse01,Sergio Alcántara,3B,5,SFG
Kenedy Corona,coronke01,,CF,8,HOU
Tristin English,englitr01,,1B,3,ARI
Chase Burns,burnsch01,,SP,-1,CIN
Dietrich Enns*,ennsdi01,Dietrich Enns,RP,-2,DET
Jack Perkins,perkija01,,RP,-2,ATH
Travis Adams,adamstr01,,RP,-2,MIN
Shinnosuke Ogasawara*,ogasash01,Shinnosuke Ogasawara,RP,-2,WSN
Cam Schlittler,schlica01,,SP,-1,NYY
Juan Burgos,burgoju01,,RP,-2,SEA
Eduarniel Núñez,nunezed03,,RP,-2,SDP
Lázaro Estrada,estrala01,,RP,-2,TOR
Carson Seymour,seymoca01,,RP,-2,SFG
Andry Lara,laraan01,,RP,-2,WSN
Alex Carrillo,carrial01,,RP,-2,NYM
Julian Fernández,fernaju02,,RP,-2,LAD
Joe Rock*,rockjo01,Joe Rock,RP,-2,TBR
Corbin Martin,martico02,,RP,-2,BAL
Jonathan Pintaro,pintajo01,,RP,-2,NYM
Jayvien Sandridge*,sandrja01,Jayvien Sandridge,RP,-2,NYY
Cody Freeman,freemco01,,2B,4,TEX
Brandyn Garcia*,garcibr02,Brandyn Garcia,RP,-2,SEA
Warming Bernabel,bernawa01,,1B,3,COL
Carlos Cortes*,corteca01,Carlos Cortes,RF,9,ATH
Alex Freeland#,freelal01,Alex Freeland,3B,5,LAD
Jakob Marsee*,marseja01,Jakob Marsee,CF,8,MIA
Jeremiah Jackson,jacksje02,,RF,9,BAL
Troy Johnston*,johnstr02,Troy Johnston,1B,3,MIA
C.J. Kayfus*,kayfucj01,C.J. Kayfus,RF,9,CLE
Troy Melton,meltotr01,,RP,-2,DET
Carson Whisenhunt*,whiseca01,Carson Whisenhunt,SP,-1,SFG
Pierson Ohl,ohlpi01,,RP,-2,MIN
Dugan Darnell,darnedu01,,RP,-2,COL
Ben Bowden*,bowdebe01,Ben Bowden,RP,-2,ATH
Luis Curvelo,curvelu01,,RP,-2,TEX
Luis Morales,morallu01,,SP,-1,ATH
Kyle Karros,karroky01,,3B,5,COL
Dylan Beavers*,beavedy01,Dylan Beavers,LF,7,BAL
Samuel Basallo*,basalsa01,Samuel Basallo,C,2,BAL
Drew Gilbert*,gilbedr01,Drew Gilbert,RF,9,SFG
Carson Williams,willica02,,SS,6,TBR
Bob Seymour*,seymobo01,Bob Seymour,1B,3,TBR
Carter Jensen*,jenseca01,Carter Jensen,C,2,KCR
Nathan Church*,churcna01,Nathan Church,CF,8,STL
Maximo Acosta,acostma02,,3B,5,MIA
Sal Stewart,stewasa02,,1B,3,CIN
Zach Cole*,coleza01,Zach Cole,LF,7,HOU
George Valera*,valerge01,George Valera,DH,0,CLE
Jimmy Crooks*,crookji01,Jimmy Crooks,C,2,STL
Denzer Guzmán,guzmade01,,SS,6,LAA
Cam Devanney,devanca01,,3B,5,PIT
Bryce Eldridge*,eldribr01,Bryce Eldridge,DH,0,SFG
Sebastián Rivero,riverse01,,C,2,LAA
Owen Caissie*,caissow01,Owen Caissie,RF,9,CHC
Rafael Flores,florera03,,1B,3,PIT
Brian Navarreto,navarbr01,,C,2,MIA
Vimael Machín*,machivi01,Vimael Machín,3B,5,BAL
Tristan Peters*,petertr01,Tristan Peters,CF,8,TBR
Will Banfield,banfiwi01,,C,2,CIN
Jhostynxon García,garcijh01,,LF,7,BOS
Harry Ford,fordha01,,C,2,SEA
Petey Halpin*,halpipe01,Petey Halpin,CF,8,CLE
César Prieto*,prietce01,César Prieto,2B,4,STL
CJ Stubbs,stubbcj01,,C,2,WSN
Justin Dean,deanju01,,CF,8,LAD
Luinder Avila,avilalu02,,RP,-2,KCR
Cade Cavalli,cavalca01,,SP,-1,WSN
PJ Poulin,poulipj01,,RP,-2,WSN
Nolan McLean,mcleano01,,SP,-1,NYM
Parker Messick*,messipa01,Parker Messick,SP,-1,CLE
Bubba Chandler,chandbu01,,SP,-1,PIT
McCade Brown,brownmc01,,SP,-1,COL
Mitch Farris*,farrimi01,Mitch Farris,SP,-1,LAA
Andrew Alvarez*,alvaran01,Andrew Alvarez,SP,-1,WSN
Mason Barnett,barnema02,,SP,-1,ATH
Joel Peguero,peguejo01,,RP,-2,SFG
Brandon Sproat,sproabr01,,SP,-1,NYM
Connelly Early*,earlyco01,Connelly Early,SP,-1,BOS
Jonah Tong,tongjo01,,SP,-1,NYM
Taylor Rashi,rashita01,,RP,-2,ARI
Payton Tolle*,tollepa01,Payton Tolle,RP,-2,BOS
Trey Yesavage,yesavtr01,,SP,-1,TOR
Jayden Murray,murraja01,,RP,-2,HOU
Zach Maxwell,maxweza01,,RP,-2,CIN
Brian Van Belle,vanbebr01,,RP,-2,TBR
Cody Laweryson,lawerco01,,RP,-2,MIN
Cam Sanders,sandeca01,,RP,-2,PIT
Carson Ragsdale,ragsdca01,,RP,-2,BAL
Joey Gerber,gerbejo01,,RP,-2,TBR
Philip Abner*,abnerph01,Philip Abner,RP,-2,ARI
Rolddy Muñoz,munozro02,,RP,-2,ATL
Hunter Barco*,barcohu01,Hunter Barco,RP,-2,PIT
Christian Roa,roach02,,RP,-2,MIA
Drew Sommers*,sommedr01,Drew Sommers,RP,-2,DET
Hayden Harris*,harriha01,Hayden Harris,RP,-2,ATL
Austin Pope,popeau01,,RP,-2,ARI
Nick Raquet*,raqueni01,Nick Raquet,RP,-2,STL
José Corniell,cornijo01,,RP,-2,TEX
John Rooney*,roonejo01,John Rooney,RP,-2,HOU
Dom Hamel,hameldo01,,RP,-2,NYM
Nolan Hoffman,hoffmno01,,RP,-2,PHI
Cole Wilcox,wilcoco01,,RP,-2,TBR
