Rk,Name,Age,Tm,Lg,G,PA,AB,R,H,2B,3B,HR,RBI,SB,CS,BB,SO,BA,OBP,SLG,OPS,OPS+,TB,GDP,HBP,SH,SF,IBB,Pos Summary,Name-additional
1,CJ Abrams*,22,WSN,NL,151,614,563,83,138,28,6,18,64,47,4,32,118,.245,.300,.412,.712,95,232,7,13,3,3,2,*6/H,abramcj01
2,José Abreu,36,HOU,AL,141,594,540,62,128,23,1,18,90,0,1,42,130,.237,.296,.383,.680,87,207,16,6,0,6,1,*3/D,abreujo02
3,Wilyer Abreu*,24,BOS,AL,28,85,76,10,24,6,0,2,14,3,1,9,23,.316,.388,.474,.862,132,36,0,0,0,0,0,87/H9D,abreuwi02
4,Ronald Acuna Jr.,25,ATL,NL,159,735,643,149,217,35,4,41,106,73,14,80,84,.337,.416,.596,1.012,168,383,15,9,0,3,3,*9/D,acunaro01
5,Willy Adames,27,MIL,NL,149,638,553,73,120,29,2,24,80,5,3,71,165,.217,.310,.407,.717,95,225,12,6,0,6,1,*6/D,adamewi01
6,Jordyn Adams,23,LAA,AL,17,40,39,1,5,0,0,0,1,1,2,0,16,.128,.125,.128,.253,-31,5,0,0,0,1,0,/98H7,adamsjo03
7,Riley Adams,27,WSN,NL,44,158,143,8,39,13,2,4,21,0,0,11,45,.273,.331,.476,.807,120,68,5,2,1,1,0,2/HD,adamsri03
8,Ty Adcock,26,SEA,AL,1,0,0,0,0,0,0,0,0,0,0,0,0,,,,,,0,0,0,0,0,0,1,adcocty01
9,Jo Adell,24,LAA,AL,17,62,58,7,12,3,1,3,6,1,0,4,25,.207,.258,.448,.706,87,26,1,0,0,0,0,/987DH,adelljo01
10,Ehire Adrianza#,33,ATL,NL,5,11,10,0,0,0,0,0,0,0,0,1,4,.000,.091,.000,.091,-72,0,0,0,0,0,0,/H6,adriaeh01
11,Jesús Aguilar,33,OAK,AL,36,115,104,8,23,2,0,5,9,0,0,8,31,.221,.281,.385,.665,89,40,3,1,0,1,2,3/DH,aguilje01
12,Nick Ahmed,33,ARI,NL,72,210,198,14,42,10,1,2,17,5,1,12,52,.212,.257,.303,.560,53,60,0,0,0,0,0,6H/D,ahmedni01
13,Hanser Alberto,30,CHW,AL,30,90,82,11,18,5,0,3,16,0,0,4,13,.220,.261,.390,.652,75,32,1,1,2,1,0,54/31H,alberha01
14,Ozzie Albies#,26,ATL,NL,148,660,596,96,167,30,5,33,109,13,1,46,107,.280,.336,.513,.849,124,306,9,8,0,8,2,*4,albieoz01
15,Scott Alexander*,33,SFG,NL,1,0,0,0,0,0,0,0,0,0,0,0,0,,,,,,0,0,0,0,0,0,1,alexasc02
16,Jorge Alfaro,30,TOT,MLB,18,52,48,2,7,4,0,1,4,0,0,2,15,.146,.212,.292,.503,31,14,3,2,0,0,0,/D2H,alfarjo01
17,Greg Allen#,30,NYY,AL,22,28,23,6,5,1,1,1,1,3,1,2,10,.217,.333,.478,.812,119,11,0,2,1,0,0,7H/98D,allengr01
18,Nick Allen,24,OAK,AL,106,329,303,29,67,4,2,4,20,5,1,17,52,.221,.263,.287,.550,58,87,8,1,6,2,0,6/H4D,allenni02
19,Abraham Almonte#,34,NYM,NL,8,16,15,1,1,1,0,0,0,0,0,1,8,.067,.125,.133,.258,-28,2,0,0,0,0,0,/HD79,almonab01
20,Pete Alonso,28,NYM,NL,154,658,568,92,123,21,2,46,118,4,1,65,151,.217,.318,.504,.821,122,286,17,21,0,4,6,*3/D,alonspe01
21,Jose Altuve,33,HOU,AL,90,410,360,76,112,21,2,17,51,14,2,44,71,.311,.393,.522,.915,151,188,9,5,0,1,0,4/DH,altuvjo01
22,Jake Alu*,26,WSN,NL,51,175,159,14,36,2,1,2,16,5,1,10,42,.226,.282,.289,.571,59,46,2,3,1,2,0,74/5H,aluja01
23,Francisco Alvarez,21,NYM,NL,123,423,382,51,80,12,0,25,63,2,0,34,110,.209,.284,.437,.721,95,167,14,6,0,1,0,2H/D,alvarfr01
24,Yordan Alvarez*,26,HOU,AL,114,496,410,77,120,24,1,31,97,0,0,69,92,.293,.407,.583,.990,170,239,7,13,0,4,5,D7/H,alvaryo01
25,Jacob Amaya,24,MIA,NL,4,9,9,1,2,0,0,0,2,1,0,0,1,.222,.222,.222,.444,22,2,0,0,0,0,0,/64,amayaja01
26,Miguel Amaya,24,CHC,NL,53,156,131,17,28,4,0,5,18,0,0,12,40,.214,.329,.359,.688,86,47,2,11,1,1,0,2/DH,amayami01
27,Brian Anderson,30,MIL,NL,96,361,318,38,72,12,3,9,40,1,3,36,108,.226,.310,.368,.678,86,117,10,4,0,3,0,59/HD,anderbr06
28,Tim Anderson,30,CHW,AL,123,524,493,52,121,18,2,1,25,13,2,26,122,.245,.286,.296,.582,60,146,15,3,0,2,0,*6/H4,anderti01
29,Elvis Andrus,34,CHW,AL,112,406,374,39,94,20,1,6,44,12,4,25,71,.251,.304,.358,.662,81,134,11,4,1,2,1,46/H5D,andruel01
30,Miguel Andujar,28,PIT,NL,30,90,84,9,21,7,0,4,18,2,0,6,13,.250,.300,.476,.776,108,40,1,0,0,0,0,9/HD7,andujmi01
31,Jonathan Aranda*,25,TBR,AL,34,103,87,13,20,4,1,2,13,0,0,13,31,.230,.340,.368,.708,98,32,1,2,0,1,1,D3H/45,arandjo01
32,Jonathan Araúz#,24,NYM,NL,27,66,59,3,8,0,0,3,9,0,0,5,18,.136,.203,.288,.491,34,17,1,0,2,0,0,5/46H,arauzjo01
33,Orlando Arcia,28,ATL,NL,139,533,488,66,129,25,0,17,65,1,0,39,102,.264,.321,.420,.741,98,205,14,3,0,3,0,*6/H,arciaor01
34,Nolan Arenado,32,STL,NL,144,612,560,71,149,26,2,26,93,3,3,41,101,.266,.315,.459,.774,109,257,21,3,0,8,5,*5D/H,arenano01
35,Gabriel Arias,23,CLE,AL,122,345,315,36,66,15,0,10,26,3,4,28,113,.210,.275,.352,.628,75,111,9,1,0,1,0,63H95/D4,ariasga01
36,Randy Arozarena,28,TBR,AL,151,654,551,95,140,19,3,23,83,22,10,80,156,.254,.364,.425,.789,120,234,10,18,0,5,1,*7D/H,arozara01
37,Luis Arraez*,26,MIA,NL,147,617,574,71,203,30,3,10,69,3,2,35,34,.354,.393,.469,.861,133,269,18,4,1,3,10,*43/HD,arraelu01
38,Christian Arroyo,28,BOS,AL,66,206,195,23,47,16,0,3,24,1,3,7,45,.241,.268,.369,.638,70,72,8,1,1,2,0,4/H56,arroych01
39,José Azocar,27,SDP,NL,55,102,91,16,21,6,0,2,9,8,2,4,24,.231,.278,.363,.641,78,33,2,2,5,0,0,98H/7D,azocajo01
40,Akil Baddoo*,24,DET,AL,112,357,312,40,68,13,1,11,34,14,3,42,89,.218,.310,.372,.682,86,116,4,0,2,1,2,7H/8D9,baddoak01
41,Harrison Bader,29,TOT,MLB,98,344,319,44,74,12,2,7,40,20,3,17,59,.232,.274,.348,.622,69,111,7,3,1,4,0,8/HD,baderha01
42,Ji Hwan Bae*,23,PIT,NL,111,371,334,54,77,17,2,2,32,24,9,30,92,.231,.296,.311,.608,67,104,4,2,3,2,0,48H/6,baeji01
43,Javier Báez,30,DET,AL,136,547,510,58,113,18,4,9,59,12,0,24,125,.222,.267,.325,.593,62,166,12,9,0,3,0,*6/DH,baezja01
44,Patrick Bailey#,24,SFG,NL,97,353,326,29,76,18,1,7,48,1,0,21,100,.233,.285,.359,.644,77,117,8,3,2,1,0,2/HD,bailepa01
45,Bryan Baker,28,BAL,AL,2,0,0,0,0,0,0,0,0,0,0,0,0,,,,,,0,0,0,0,0,0,1,bakerbr01
46,Luken Baker,26,STL,NL,33,99,86,9,18,3,0,2,10,0,0,13,31,.209,.313,.314,.627,73,27,1,0,0,0,0,D3/H,bakerlu01
47,Rylan Bannon,27,HOU,AL,2,6,6,0,0,0,0,0,0,0,0,0,3,.000,.000,.000,.000,-100,0,0,0,0,0,0,/4D,bannory01
48,Scott Barlow,30,TOT,MLB,1,0,0,0,0,0,0,0,0,0,0,0,0,,,,,,0,0,0,0,0,0,1,barlosc01
49,Austin Barnes,33,LAD,NL,59,200,178,15,32,5,0,2,11,2,1,17,43,.180,.256,.242,.498,36,43,7,2,1,2,0,2/H4D,barneau01
50,Tucker Barnhart*,32,CHC,NL,44,123,109,6,22,3,0,1,9,1,0,12,42,.202,.285,.257,.541,48,28,4,1,0,1,0,2/1H,barnhtu01
51,Tres Barrera,28,STL,NL,6,2,2,0,0,0,0,0,0,0,0,0,0,.000,.000,.000,.000,-100,0,0,0,0,0,0,/2H,barretr01
52,Jose Barrero,25,CIN,NL,46,149,133,15,29,8,0,2,17,3,2,15,44,.218,.295,.323,.619,67,43,1,0,0,1,0,68/HD,garcijo02
53,Joey Bart,26,SFG,NL,30,95,87,9,18,5,0,0,5,0,0,3,23,.207,.263,.264,.528,47,23,0,4,0,1,0,2/H,bartjo01
54,Osleivis Basabe,22,TBR,AL,31,94,87,15,19,5,0,1,12,0,1,6,25,.218,.277,.310,.587,64,27,2,1,0,0,0,6/5H497,basabos01
55,Matthew Batten,28,SDP,NL,43,139,120,19,31,6,0,2,11,2,2,17,30,.258,.355,.358,.713,101,43,0,1,1,0,0,45/3HD6,battema01
56,Brett Baty*,23,NYM,NL,108,389,353,41,75,12,0,9,34,2,0,29,109,.212,.275,.323,.598,65,114,8,2,1,1,0,5/HD7,batybr01
57,Jake Bauers*,27,NYY,AL,84,272,242,28,49,15,0,12,30,3,2,27,95,.202,.279,.413,.693,87,100,3,0,0,3,0,973H/D,bauerja01
58,Mike Baumann,27,BAL,AL,1,0,0,0,0,0,0,0,0,0,0,0,0,,,,,,0,0,0,0,0,0,1,baumami01
59,Matt Beaty*,30,TOT,MLB,30,72,61,8,14,4,0,0,4,0,0,6,14,.230,.347,.295,.642,80,18,1,5,0,0,0,3H/D91,beatyma01
60,Josh Bell#,30,TOT,MLB,150,617,547,52,135,28,0,22,74,0,1,63,134,.247,.325,.419,.744,104,229,13,2,0,3,2,D3/H,belljo02
61,Cody Bellinger*,27,CHC,NL,130,556,499,95,153,29,1,26,97,20,6,40,87,.307,.356,.525,.881,133,262,7,5,0,12,3,83/DH,bellico01
62,Brandon Belt*,35,TOR,AL,103,404,339,53,86,23,0,19,43,0,0,61,141,.254,.369,.490,.858,136,166,5,2,0,2,1,D3/H,beltbr01
63,Anthony Bemboom*,33,BAL,AL,6,13,11,0,2,0,0,0,0,0,0,2,2,.182,.308,.182,.490,44,2,0,0,0,0,0,/2,bemboan01
64,Andrew Benintendi*,28,CHW,AL,151,621,562,72,147,34,2,5,45,13,2,52,89,.262,.326,.356,.682,87,200,12,3,1,3,5,*7/HD,beninan01
65,Will Benson*,25,CIN,NL,108,329,287,51,79,15,8,11,31,19,3,40,103,.275,.365,.498,.863,130,143,3,1,0,1,0,97H/D8,bensowi01
66,José Berríos,29,TOR,AL,1,0,0,0,0,0,0,0,0,0,0,0,0,,,,,,0,0,0,0,0,0,1,berrijo01
67,Jon Berti,33,MIA,NL,133,424,388,53,114,16,3,7,33,16,6,29,77,.294,.344,.405,.748,103,157,10,2,2,3,2,65H74/D9,bertijo01
68,Christian Bethancourt,31,TBR,AL,104,332,315,49,71,16,0,11,33,1,0,13,91,.225,.254,.381,.635,74,120,6,0,1,3,0,2/HD1,bethach01
69,Mookie Betts,30,LAD,NL,152,693,584,126,179,40,1,39,107,14,3,96,107,.307,.408,.579,.987,163,338,5,8,0,5,3,946/H,bettsmo01
70,Bo Bichette,25,TOR,AL,135,601,571,69,175,30,3,20,73,5,3,27,115,.306,.339,.475,.814,123,271,14,2,0,1,0,*6/DH,bichebo01
71,Cavan Biggio*,28,TOR,AL,111,338,289,54,68,12,0,9,40,5,2,40,88,.235,.340,.370,.710,98,107,0,7,0,2,0,4H935/D6,biggica01
72,Charlie Blackmon*,36,COL,NL,96,413,359,57,100,24,5,8,40,4,1,39,55,.279,.363,.440,.803,107,158,6,11,0,4,0,D9/H,blackch02
73,Dairon Blanco,30,KCR,AL,69,138,124,19,32,7,4,3,18,24,5,10,33,.258,.324,.452,.775,111,56,2,2,2,0,0,79H/8D,blancda02
74,Travis Blankenhorn*,26,WSN,NL,10,37,31,2,5,0,0,1,1,0,0,6,6,.161,.297,.258,.555,57,8,0,0,0,0,0,/79,blanktr01
75,JJ Bleday*,25,OAK,AL,82,303,256,35,50,11,0,10,27,5,1,42,72,.195,.310,.355,.666,91,91,3,2,0,3,0,789/HD,bledajj01
76,Xander Bogaerts,30,SDP,NL,155,665,596,83,170,31,2,19,58,19,2,56,110,.285,.350,.440,.790,120,262,21,7,0,6,0,*6/DH,bogaexa01
77,Alec Bohm,26,PHI,NL,145,611,558,74,153,31,0,20,97,4,1,42,94,.274,.327,.437,.765,108,244,23,5,0,6,1,53/DH,bohmal01
78,Sean Bouchard,27,COL,NL,21,43,38,11,12,2,0,4,7,0,1,4,14,.316,.372,.684,1.056,165,26,0,0,0,1,0,9/H7D,bouchse01
79,Jackie Bradley Jr.*,33,KCR,AL,43,113,105,10,14,5,0,1,6,0,0,5,29,.133,.188,.210,.397,10,22,3,2,1,0,0,89/7H,bradlja02
80,Michael Brantley*,36,HOU,AL,15,57,54,7,15,2,0,2,7,0,0,2,2,.278,.298,.426,.724,98,23,2,0,0,1,0,7/DH,brantmi02
81,Matt Brash,25,SEA,AL,1,0,0,0,0,0,0,0,0,0,0,0,0,,,,,,0,0,0,0,0,0,1,brashma01
82,Ryan Brasier,35,TOT,MLB,1,0,0,0,0,0,0,0,0,0,0,0,0,,,,,,0,0,0,0,0,0,1,brasiry01
83,Alex Bregman,29,HOU,AL,161,724,622,103,163,28,4,25,98,3,1,92,87,.262,.363,.441,.804,122,274,22,8,0,2,1,*5/D,bregmal01
84,Will Brennan*,25,CLE,AL,138,455,432,41,115,24,0,5,41,13,5,16,57,.266,.299,.356,.655,83,154,4,5,0,2,2,*9H8/7D,brennwi02
85,Jonah Bride,27,OAK,AL,40,106,88,9,15,3,0,0,7,0,1,11,22,.170,.286,.205,.490,45,18,3,4,1,2,0,5/HD3,bridejo01
86,Mike Brosseau,29,MIL,NL,29,78,73,4,15,2,0,4,8,0,0,4,20,.205,.256,.397,.654,76,29,2,1,0,0,0,5/H31D4,brossmi01
87,Seth Brown*,30,OAK,AL,112,378,343,33,76,19,1,14,52,3,1,30,101,.222,.286,.405,.692,96,139,6,2,1,2,1,97HD3,brownse01
88,Vidal Bruján#,25,TBR,AL,37,84,76,14,13,2,0,0,6,3,2,5,21,.171,.241,.197,.438,25,15,1,2,1,0,0,4H/695,brujavi01
89,Kris Bryant,31,COL,NL,80,335,300,36,70,10,0,10,31,0,0,29,68,.233,.313,.367,.680,76,110,6,6,0,0,0,9D/37H,bryankr01
90,J.B. Bukauskas,26,TOT,MLB,1,0,0,0,0,0,0,0,0,0,0,0,0,,,,,,0,0,0,0,0,0,/1,bukaujb01
91,Aaron Bummer*,29,CHW,AL,1,0,0,0,0,0,0,0,0,0,0,0,0,,,,,,0,0,0,0,0,0,1,bummeaa01
92,Peyton Burdick,26,MIA,NL,14,37,33,4,6,2,0,1,2,1,0,3,18,.182,.270,.333,.604,63,11,0,1,0,0,0,9/8H7,burdipe01
93,Jake Burger,27,TOT,MLB,141,540,492,71,123,28,1,34,80,1,1,32,149,.250,.309,.518,.828,120,255,4,12,0,4,0,5D/H34,burgeja01
94,Alec Burleson*,24,STL,NL,107,347,315,34,77,20,1,8,36,3,1,23,45,.244,.300,.390,.691,87,123,13,3,1,2,0,7DH39/1,burleal01
95,Michael Busch*,25,LAD,NL,27,81,72,9,12,3,0,2,7,1,0,8,27,.167,.247,.292,.539,45,21,0,0,0,1,0,5/D3H47,buschmi02
96,Lawrence Butler*,22,OAK,AL,42,129,123,10,26,4,0,4,10,0,0,4,35,.211,.240,.341,.582,64,42,5,1,0,1,0,8/H9,butlela01
97,Byron Buxton,29,MIN,AL,85,347,304,49,63,17,1,17,42,9,0,35,109,.207,.294,.438,.731,98,133,3,4,0,4,2,D/H,buxtoby01
98,José Caballero,26,SEA,AL,104,280,231,37,51,9,1,4,26,26,3,28,66,.221,.343,.320,.663,90,74,0,17,0,4,0,4H6/5D7,cabaljo01
99,Trey Cabbage*,26,LAA,AL,22,56,53,5,11,3,0,1,7,1,1,2,26,.208,.232,.321,.553,49,17,1,0,0,1,0,/39H78,cabbatr01
100,Génesis Cabrera*,26,TOT,MLB,2,0,0,0,0,0,0,0,0,0,0,0,0,,,,,,0,0,0,0,0,0,1,cabrege01
101,Miguel Cabrera,40,DET,AL,98,370,334,21,86,20,0,4,34,0,0,31,74,.257,.322,.353,.675,86,118,11,2,0,3,0,D/H3,cabremi01
102,Oswaldo Cabrera#,24,NYY,AL,115,330,298,35,63,11,0,5,29,8,0,25,72,.211,.275,.299,.574,58,89,6,2,3,2,1,795H/46D38,cabreos01
103,Kole Calhoun*,35,CLE,AL,43,174,157,18,34,7,0,6,25,0,1,13,37,.217,.282,.376,.657,82,59,3,2,0,2,0,3D/9H,calhoko01
104,Willie Calhoun*,28,NYY,AL,44,149,134,16,32,7,0,5,16,0,0,14,20,.239,.309,.403,.712,94,54,2,0,0,1,1,D/9H7,calhowi01
105,Alex Call,28,WSN,NL,128,439,375,43,75,14,1,8,38,9,8,53,78,.200,.307,.307,.614,72,115,1,6,3,2,0,*87/9H,callal02
106,Johan Camargo#,29,SFG,NL,8,20,18,0,4,0,0,0,2,0,0,1,4,.222,.300,.222,.522,49,4,2,1,0,0,0,/65,camarjo01
107,Junior Caminero,19,TBR,AL,7,36,34,4,8,1,0,1,7,0,0,2,8,.235,.278,.353,.631,75,12,2,0,0,0,0,/5D64,caminju01
108,Luis Campusano,24,SDP,NL,49,174,163,27,52,7,0,7,30,0,0,7,21,.319,.356,.491,.847,134,80,8,3,0,1,0,2/DH,campulu01
109,Alexander Canario,23,CHC,NL,6,17,17,1,5,1,1,1,6,0,0,0,8,.294,.294,.647,.941,143,11,0,0,0,0,0,/DH879,canaral01
110,Jeimer Candelario#,29,TOT,NL,140,576,505,77,127,39,3,22,70,8,1,53,127,.251,.336,.471,.807,119,238,11,13,0,4,1,*53/DH,candeje01
111,Mark Canha,34,TOT,NL,139,507,435,51,114,25,1,11,62,11,1,49,79,.262,.355,.400,.755,108,174,11,17,0,6,1,7D93H/5,canhama01
112,Yennier Cano,29,BAL,AL,3,0,0,0,0,0,0,0,0,0,0,0,0,,,,,,0,0,0,0,0,0,1,canoye01
113,Dominic Canzone*,25,TOT,MLB,59,182,173,23,38,13,0,6,21,1,0,8,32,.220,.258,.399,.657,81,69,5,1,0,0,0,7DH9,canzodo01
114,Conner Capel*,26,OAK,AL,32,86,73,6,19,5,0,0,3,5,3,12,25,.260,.372,.329,.701,104,24,1,1,0,0,0,97/HD,capelco01
115,Vinny Capra,26,PIT,NL,9,21,18,3,3,1,0,0,1,0,0,2,5,.167,.250,.222,.472,31,4,0,0,1,0,0,/54H,capravi01
116,Victor Caratini#,29,MIL,NL,62,226,201,23,52,4,0,7,25,1,1,19,45,.259,.327,.383,.711,95,77,8,3,0,3,0,2/HD3,caratvi01
117,Dylan Carlson#,24,STL,NL,76,255,219,27,48,8,1,5,27,3,0,26,49,.219,.318,.333,.651,79,73,4,7,0,3,0,89/H7D,carlsdy01
118,Kerry Carpenter*,25,DET,AL,118,459,418,57,116,17,2,20,64,6,0,32,115,.278,.340,.471,.811,120,197,5,8,0,1,3,9D7/H,carpeke01
119,Matt Carpenter*,37,SDP,NL,76,237,188,18,33,12,0,5,31,1,0,41,67,.176,.322,.319,.641,81,60,2,2,0,5,0,DH3,carpema01
120,Corbin Carroll*,22,ARI,NL,155,645,565,116,161,30,10,25,76,54,5,57,125,.285,.362,.506,.868,134,286,7,13,6,4,1,*798/HD,carroco02
121,Evan Carter*,20,TEX,AL,23,75,62,15,19,4,1,5,12,3,0,12,24,.306,.413,.645,1.058,182,40,1,0,0,1,1,7/89H,carteev01
122,Curt Casali,34,CIN,NL,40,96,80,8,14,2,0,0,6,0,0,11,23,.175,.290,.200,.490,36,16,1,2,3,0,0,2/35,casalcu01
123,Triston Casas*,23,BOS,AL,132,502,429,66,113,21,2,24,65,0,0,70,126,.263,.367,.490,.856,129,210,7,1,0,2,2,*3H/D,casastr01
124,Nick Castellanos,31,PHI,NL,157,671,626,79,170,37,2,29,106,11,2,36,185,.272,.311,.476,.788,112,298,17,3,0,6,0,*9/DH,casteni01
125,Diego Castillo,25,ARI,NL,1,1,1,0,0,0,0,0,0,0,0,0,0,.000,.000,.000,.000,-100,0,0,0,0,0,0,/H,castidi02
126,Harold Castro*,29,COL,NL,99,270,258,24,65,13,0,1,31,1,0,9,66,.252,.275,.314,.589,52,81,5,0,1,2,0,4H8/76D951,castrha01
127,Miguel Castro,28,ARI,NL,2,0,0,0,0,0,0,0,0,0,0,0,0,,,,,,0,0,0,0,0,0,1,castrmi01
128,Rodolfo Castro#,24,TOT,NL,92,256,227,21,48,7,0,6,24,1,4,23,74,.211,.297,.322,.618,70,73,4,5,0,1,1,46H5/D,castrro01
129,Willi Castro#,26,MIN,AL,124,409,358,60,92,18,5,9,34,33,5,34,99,.257,.339,.411,.750,106,147,5,12,2,3,1,785H4/69D1,castrwi01
130,Jake Cave*,30,PHI,NL,65,203,184,18,39,8,1,5,21,3,0,15,55,.212,.272,.348,.620,69,64,3,1,1,2,0,739/H8D,caveja01
131,Andrew Chafin,33,TOT,NL,3,0,0,0,0,0,0,0,0,0,0,0,0,,,,,,0,0,0,0,0,0,1,chafian01
132,Yu Chang,27,BOS,AL,39,112,105,12,17,2,0,6,18,4,0,3,34,.162,.200,.352,.552,45,37,2,2,2,0,0,6/4H35D,changyu01
133,Aroldis Chapman*,35,TOT,AL,1,0,0,0,0,0,0,0,0,0,0,0,0,,,,,,0,0,0,0,0,0,1,chapmar01
134,Matt Chapman,30,TOR,AL,140,581,509,66,122,39,2,17,54,4,2,62,165,.240,.330,.424,.755,108,216,4,8,0,2,1,*5/DH,chapmma01
135,Michael Chavis,27,WSN,NL,48,96,91,16,22,3,0,2,5,1,0,5,33,.242,.281,.341,.622,72,31,3,0,0,0,0,4H/35D79,chavimi01
136,Jazz Chisholm Jr.*,25,MIA,NL,97,383,352,50,88,12,2,19,51,22,3,26,118,.250,.304,.457,.761,103,161,4,2,1,2,0,8/HD,chishja01
137,Ji Man Choi*,32,TOT,NL,39,117,104,12,17,5,0,6,13,0,0,10,35,.163,.239,.385,.624,68,40,2,1,0,2,0,D3/H,choiji01
138,Taylor Clarke,30,KCR,AL,1,0,0,0,0,0,0,0,0,0,0,0,0,,,,,,0,0,0,0,0,0,1,clarkta01
139,Kody Clemens*,27,PHI,NL,47,148,139,15,32,7,0,4,13,0,0,8,40,.230,.277,.367,.644,75,51,1,1,0,0,0,3/H1D96,clemeko01
140,Ernie Clement,27,TOR,AL,29,52,50,7,19,1,1,1,10,1,0,1,4,.380,.385,.500,.885,144,25,0,0,0,1,0,6H/45D1,clemeer01
141,Oscar Colás*,24,CHW,AL,75,263,245,32,53,9,0,5,19,4,3,12,71,.216,.257,.314,.571,55,77,5,2,2,2,1,9/8HD,colasos01
142,Dylan Coleman,26,KCR,AL,2,0,0,0,0,0,0,0,0,0,0,0,0,,,,,,0,0,0,0,0,0,1,colemdy01
143,Zack Collins*,28,CLE,AL,2,6,4,0,2,0,0,0,0,0,0,2,2,.500,.667,.500,1.167,236,2,0,0,0,0,0,/2,colliza01
144,Michael Conforto*,30,SFG,NL,125,470,406,58,97,14,0,15,58,4,0,53,106,.239,.334,.384,.718,99,156,12,7,0,4,4,*97DH,confomi01
145,William Contreras,25,MIL,NL,141,611,540,86,157,38,1,17,78,6,1,63,126,.291,.369,.459,.828,126,248,23,5,1,2,2,2D/H,contrwi02
146,Willson Contreras,31,STL,NL,125,495,428,55,113,27,0,20,67,6,3,51,111,.264,.358,.467,.826,124,200,12,13,1,2,0,2D/H,contrwi01
147,Garrett Cooper,32,TOT,NL,123,457,422,42,106,18,1,17,61,0,0,31,132,.251,.304,.419,.724,96,177,15,2,0,2,0,3DH,coopega03
148,Franchy Cordero*,28,NYY,AL,24,71,69,9,13,2,0,6,13,0,0,2,25,.188,.211,.478,.690,81,33,0,0,0,0,0,9/7H,cordefr02
149,Carlos Correa,28,MIN,AL,135,580,514,60,118,29,2,18,65,0,0,59,131,.230,.312,.399,.711,94,205,30,4,0,3,3,*6,correca01
150,Danny Coulombe*,33,BAL,AL,2,0,0,0,0,0,0,0,0,0,0,0,0,,,,,,0,0,0,0,0,0,1,couloda01
151,Colton Cowser*,23,BAL,AL,26,77,61,15,7,2,0,0,4,1,0,13,22,.115,.286,.148,.433,28,9,1,2,0,1,0,98/7H,cowseco01
152,Austin Cox*,26,KCR,AL,1,0,0,0,0,0,0,0,0,0,0,0,0,,,,,,0,0,0,0,0,0,1,coxau01
153,Brandon Crawford*,36,SFG,NL,93,320,283,31,55,11,1,7,38,3,0,28,81,.194,.273,.314,.587,63,89,5,4,1,4,1,6/H1,crawfbr01
154,J.P. Crawford*,28,SEA,AL,145,638,534,94,142,35,0,19,65,2,0,94,125,.266,.380,.438,.818,131,234,7,5,3,2,1,*6/H,crawfjp01
155,Kutter Crawford,27,BOS,AL,1,0,0,1,0,0,0,0,0,0,0,0,0,,,,,,0,0,0,0,0,0,1/H,crawfku01
156,C.J. Cron,33,TOT,MLB,71,278,258,38,64,12,0,12,37,0,0,17,65,.248,.295,.434,.729,87,112,13,1,0,2,0,3/DH,croncj01
157,Jake Cronenworth*,29,SDP,NL,127,522,458,54,105,24,7,10,48,6,1,46,97,.229,.312,.378,.689,92,173,8,11,1,5,2,34/H,croneja01
158,Tyler Cropley,27,KCR,AL,2,7,6,0,1,0,0,0,1,0,0,0,2,.167,.143,.167,.310,-15,1,0,0,0,1,0,/2,croplty01
159,Pete Crow-Armstrong*,21,CHC,NL,13,19,14,3,0,0,0,0,1,2,2,3,7,.000,.176,.000,.176,-46,0,0,0,2,0,0,8/H,crowape01
160,Nelson Cruz,42,SDP,NL,49,152,143,9,35,5,1,5,23,1,0,6,46,.245,.283,.399,.681,88,57,2,2,0,1,1,DH/3,cruzne02
161,Oneil Cruz*,24,PIT,NL,9,40,32,7,8,1,0,1,4,3,0,7,8,.250,.375,.375,.750,107,12,0,0,0,1,0,/6,cruzon01
162,Charlie Culberson,34,ATL,NL,1,1,1,0,1,0,0,0,0,0,0,0,0,1.000,1.000,1.000,2.000,443,1,0,0,0,0,0,/DH,culbech01
163,Travis d'Arnaud,34,ATL,NL,74,292,267,31,60,13,0,11,39,0,0,21,67,.225,.288,.397,.685,82,106,6,3,0,1,0,2/DH,darnatr01
164,David Dahl*,29,SDP,NL,4,9,9,1,1,0,0,1,1,0,0,0,2,.111,.111,.444,.556,45,4,0,0,0,0,0,/9H,dahlda01
165,Bobby Dalbec,28,BOS,AL,21,53,49,6,10,2,0,1,1,1,0,4,28,.204,.264,.306,.570,54,15,0,0,0,0,0,3/H5D46,dalbebo01
166,Henry Davis,23,PIT,NL,62,255,225,27,48,10,0,7,24,3,5,25,69,.213,.302,.351,.653,78,79,3,4,0,1,2,9D/2H,davishe01
167,J.D. Davis,30,SFG,NL,144,546,480,61,119,23,1,18,69,1,0,52,152,.248,.325,.413,.738,103,198,16,6,0,6,0,*5H3D,davisjd01
168,Jonathan Davis,31,MIA,NL,34,104,90,22,22,4,1,2,10,1,2,7,29,.244,.307,.378,.685,85,34,1,2,2,2,0,8/H97,davisjo05
169,Yonathan Daza,29,COL,NL,24,80,74,8,20,6,0,0,7,1,0,3,13,.270,.304,.351,.655,69,26,5,1,1,1,0,8/H9,dazayo01
170,Bryan De La Cruz,26,MIA,NL,153,626,579,60,149,32,0,19,78,4,1,40,142,.257,.304,.411,.715,92,238,18,1,0,5,0,*79/8HD,delacbr01
171,Elly De La Cruz#,21,CIN,NL,98,427,388,67,91,15,7,13,44,35,8,35,144,.235,.300,.410,.710,89,159,6,2,1,1,3,65/HD,delacel01
172,Paul DeJong,29,TOT,MLB,112,400,372,41,77,13,0,14,38,4,4,21,121,.207,.258,.355,.612,66,132,10,5,0,2,0,*6/H4D,dejonpa01
173,Jason Delay,28,PIT,NL,70,187,167,20,42,11,1,1,18,0,0,14,44,.251,.319,.347,.666,83,58,5,3,2,1,0,2/H,delayja01
174,Jonny Deluca,24,LAD,NL,24,45,42,5,11,1,0,2,6,1,0,3,8,.262,.311,.429,.740,97,18,0,0,0,0,0,H/789D,delucjo01
175,Rafael Devers*,26,BOS,AL,153,656,580,90,157,34,0,33,100,5,1,62,126,.271,.351,.500,.851,126,290,15,11,0,3,10,*5/DH6,deverra01
176,Aledmys Díaz,32,OAK,AL,109,344,315,25,72,20,1,4,24,1,0,17,66,.229,.280,.337,.616,76,106,14,7,1,4,2,56H743/D,diazal02
177,Alexis Díaz,26,CIN,NL,3,0,0,0,0,0,0,0,0,0,0,0,0,,,,,,0,0,0,0,0,0,1,diazal03
178,Elias Díaz,32,COL,NL,141,526,486,48,130,25,1,14,72,1,0,34,118,.267,.316,.409,.725,86,199,12,2,0,4,0,*2H/D,diazel01
179,Isan Díaz*,27,TOT,MLB,8,26,24,0,1,0,0,0,1,0,0,2,9,.042,.115,.042,.157,-54,1,0,0,0,0,0,/45H,diazis01
180,Jordan Diaz,22,OAK,AL,90,293,272,20,60,9,0,10,27,0,1,17,69,.221,.273,.364,.637,81,99,10,3,0,1,0,54D/H3,diazjo03
181,Yainer Diaz,24,HOU,AL,104,377,355,51,100,22,0,23,60,0,0,11,74,.282,.308,.538,.846,128,191,12,5,0,6,0,2DH/3,diazya02
182,Yandy Díaz,31,TBR,AL,137,600,525,95,173,35,0,22,78,0,1,65,94,.330,.410,.522,.932,158,274,16,8,0,2,0,*3D/5H,diazya01
183,Corey Dickerson*,34,WSN,NL,50,152,144,12,36,7,1,2,17,0,1,7,28,.250,.283,.354,.637,76,51,3,0,0,1,0,7/HD9,dickeco01
184,Brandon Dixon,31,SDP,NL,33,86,79,10,16,4,0,2,9,1,0,1,31,.203,.244,.329,.573,59,26,1,4,0,2,0,3/H9D71,dixonbr01
185,Jasson Domínguez#,20,NYY,AL,8,33,31,6,8,1,0,4,7,1,0,2,8,.258,.303,.677,.980,158,21,1,0,0,0,0,/8,dominja01
186,Josh Donaldson,37,TOT,MLB,50,189,165,18,25,5,0,13,26,0,0,22,50,.152,.249,.418,.667,79,69,6,0,0,2,0,5/DH1,donaljo02
187,Brendan Donovan*,26,STL,NL,95,371,327,48,93,10,1,11,34,5,1,33,53,.284,.365,.422,.787,115,138,4,9,1,1,2,47D3H/956,donovbr01
188,Camilo Doval,25,SFG,NL,2,0,0,0,0,0,0,0,0,0,0,0,0,,,,,,0,0,0,0,0,0,1,dovalca01
189,Jeter Downs,24,WSN,NL,6,9,5,4,2,0,0,0,1,2,0,4,1,.400,.667,.400,1.067,207,2,0,0,0,0,0,/64H,downsje01
190,Brenton Doyle,25,COL,NL,126,431,399,48,81,16,5,10,48,22,5,22,151,.203,.250,.343,.593,52,137,9,4,3,3,0,*8/H,doylebr02
191,Hunter Dozier,31,KCR,AL,29,91,82,8,15,2,1,2,9,2,0,8,29,.183,.253,.305,.558,53,25,0,0,0,1,0,5/397HD,doziehu01
192,Brandon Drury,30,LAA,AL,125,523,485,61,127,30,3,26,83,0,2,25,136,.262,.306,.497,.803,114,241,14,8,0,5,0,43/DH,drurybr01
193,Daniel Duarte,26,CIN,NL,2,0,0,0,0,0,0,0,0,0,0,0,0,,,,,,0,0,0,0,0,0,1,duartda01
194,Mauricio Dubón,28,HOU,AL,132,492,467,76,130,26,3,10,46,7,2,19,70,.278,.309,.411,.720,97,192,10,3,0,3,0,48H/76395,dubonma01
195,Matt Duffy,32,KCR,AL,78,209,191,17,48,8,0,2,16,1,0,12,39,.251,.306,.325,.631,75,62,4,4,0,2,0,54H3/D16,duffyma01
196,Ezequiel Duran,24,TEX,AL,122,439,406,55,112,22,2,14,46,8,4,23,120,.276,.324,.443,.768,106,180,7,7,1,2,1,675D/4H39,duranez01
197,Jarren Duran*,26,BOS,AL,102,362,332,46,98,34,2,8,40,24,2,24,90,.295,.346,.482,.828,121,160,3,3,0,2,1,87H/D9,duranja01
198,Adam Duvall,34,BOS,AL,92,353,320,45,79,24,2,21,58,4,0,22,110,.247,.303,.531,.834,119,170,0,6,0,5,1,89/H7D,duvalad01
199,Nate Eaton,26,KCR,AL,28,56,53,2,4,0,0,0,1,3,0,2,21,.075,.125,.075,.200,-42,4,0,1,0,0,0,7/H89D51,eatonna01
200,Cam Eden,25,TOR,AL,5,6,6,1,1,0,0,0,0,0,0,0,2,.167,.167,.167,.333,-7,1,0,0,0,0,0,/HD7,edenca01
201,Tommy Edman#,28,STL,NL,137,528,479,69,119,25,4,13,47,27,4,35,84,.248,.307,.399,.705,91,191,9,7,3,4,1,468/9H,edmanto01
202,Xavier Edwards#,23,MIA,NL,30,84,78,12,23,3,0,0,3,5,0,3,14,.295,.329,.333,.663,81,26,1,1,2,0,0,4/H8D,edwarxa01
203,Drew Ellis,27,PHI,NL,12,29,23,4,5,0,0,2,4,0,1,6,7,.217,.379,.478,.858,134,11,0,0,0,0,0,/35H,ellisdr01
204,Christian Encarnacion-Strand,23,CIN,NL,63,241,222,29,60,7,0,13,37,2,0,14,69,.270,.328,.477,.805,113,106,5,5,0,0,0,3D/5H9,encarch01
205,Adam Engel,31,SDP,NL,5,6,6,0,0,0,0,0,0,0,1,0,2,.000,.000,.000,.000,-100,0,0,0,0,0,0,/8H7,engelad01
206,Eduardo Escobar#,34,TOT,MLB,99,309,288,32,65,6,5,6,31,2,1,18,78,.226,.269,.344,.613,67,99,7,0,1,2,0,54H/D316,escobed01
207,Santiago Espinal,28,TOR,AL,93,254,230,30,57,14,0,2,25,2,1,18,36,.248,.310,.335,.644,80,77,5,3,2,1,1,45H6/D,espinsa01
208,Thairo Estrada,27,SFG,NL,120,530,495,63,134,26,2,14,49,23,7,22,120,.271,.315,.416,.731,101,206,10,11,0,2,1,46/7D,estrath01
209,Stuart Fairchild,27,CIN,NL,97,255,219,34,50,16,2,5,28,10,3,25,69,.228,.321,.388,.710,90,85,2,6,3,2,0,798H/D,faircst01
210,Buck Farmer*,32,CIN,NL,1,0,0,0,0,0,0,0,0,0,0,0,0,,,,,,0,0,0,0,0,0,1,farmebu01
211,Kyle Farmer,32,MIN,AL,120,369,336,49,85,14,2,11,46,2,4,23,86,.253,.314,.405,.719,97,136,7,8,0,2,0,456H/37D,farmeky01
212,Caleb Ferguson,26,LAD,NL,2,0,0,0,0,0,0,0,0,0,0,0,0,,,,,,0,0,0,0,0,0,1,ferguca01
213,Freddy Fermin,28,KCR,AL,70,235,217,26,61,10,1,9,32,0,0,13,50,.281,.321,.461,.781,112,100,11,1,1,3,0,2/HD,fermifr01
214,José Fermín,24,STL,NL,21,61,51,2,12,1,0,0,4,0,1,6,8,.235,.339,.255,.594,67,13,1,2,2,0,0,4/5HD,fermijo01
215,Tyler Fitzgerald,25,SFG,NL,10,34,32,3,7,2,0,2,5,2,0,2,10,.219,.265,.469,.733,98,15,0,0,0,0,0,/85,fitzgty01
216,David Fletcher,29,LAA,AL,33,97,89,7,22,1,0,2,12,0,0,7,9,.247,.302,.326,.628,72,29,2,0,1,0,1,64/5H,fletcda02
217,Dominic Fletcher*,25,ARI,NL,28,102,93,10,28,5,1,2,14,0,2,7,22,.301,.350,.441,.791,115,41,0,0,2,0,1,89/7H,fletcdo01
218,Wilmer Flores,31,SFG,NL,126,454,405,51,115,22,0,23,60,0,0,41,63,.284,.355,.509,.863,136,206,13,5,0,3,1,3DH5/4,florewi01
219,Estevan Florial*,25,NYY,AL,19,71,61,5,14,3,1,0,8,3,0,7,20,.230,.324,.311,.635,76,19,0,2,0,1,0,8/H,flories01
220,Mike Ford*,30,SEA,AL,83,251,219,32,50,6,0,16,34,0,0,24,81,.228,.323,.475,.798,122,104,4,7,0,1,0,DH3/1,fordmi01
221,Nick Fortes,26,MIA,NL,108,323,294,33,60,10,0,6,26,4,2,17,59,.204,.263,.299,.562,52,88,12,7,3,2,0,2H/D,forteni01
222,Jake Fraley*,28,CIN,NL,111,380,336,41,86,18,0,15,65,21,5,37,71,.256,.339,.443,.783,109,149,5,6,0,1,2,97HD,fraleja01
223,Ty France,28,SEA,AL,158,665,587,79,147,32,0,12,58,1,0,43,117,.250,.337,.366,.703,99,215,25,34,0,1,0,*3/H,francty01
224,Wander Franco#,22,TBR,AL,112,491,442,65,124,23,6,17,58,30,10,42,69,.281,.344,.475,.819,126,210,18,3,0,4,3,*6/HD,francwa01
225,Adam Frazier*,31,BAL,AL,141,455,412,59,99,21,2,13,60,11,4,32,68,.240,.300,.396,.696,94,163,4,4,4,2,0,*4H/97D,fraziad01
226,Clint Frazier,28,CHW,AL,33,76,66,10,13,1,1,0,3,4,2,10,23,.197,.303,.242,.545,52,16,0,0,0,0,0,9H/78,frazicl01
227,Freddie Freeman*,33,LAD,NL,161,730,637,131,211,59,2,29,102,23,1,72,121,.331,.410,.567,.976,161,361,14,16,0,5,12,*3,freemfr01
228,Tyler Freeman,24,CLE,AL,64,168,153,20,37,7,0,4,18,5,0,10,30,.242,.295,.366,.661,84,56,3,2,2,1,0,5H46D/37,freemty01
229,Sal Frelick*,23,MIL,NL,57,223,191,29,47,9,1,3,24,7,0,28,37,.246,.341,.351,.692,91,67,2,1,0,3,0,98/HD7,frelisa01
230,Luis Frías,25,ARI,NL,1,0,0,0,0,0,0,0,0,0,0,0,0,,,,,,0,0,0,0,0,0,1,friaslu01
231,TJ Friedl*,27,CIN,NL,138,556,488,73,136,22,8,18,66,27,6,47,90,.279,.352,.467,.819,118,228,0,10,8,3,1,*87H/9D,friedtj01
232,David Fry,27,CLE,AL,57,113,101,12,24,6,0,4,15,2,0,8,30,.238,.319,.416,.734,104,42,3,4,0,0,0,23H/9D715,fryda01
233,Shintaro Fujinami,29,TOT,AL,1,0,0,0,0,0,0,0,0,0,0,0,0,,,,,,0,0,0,0,0,0,1,fujinsh01
234,Michael Fulmer,30,CHC,NL,2,1,1,0,0,0,0,0,0,0,0,0,1,.000,.000,.000,.000,-100,0,0,0,0,0,0,1,fulmemi01
235,Cam Gallagher,30,CLE,AL,56,149,143,6,18,6,0,0,7,0,0,4,46,.126,.154,.168,.322,-9,24,3,1,0,1,0,2,gallaca01
236,Joey Gallo*,29,MIN,AL,111,332,282,39,50,9,1,21,40,1,1,48,142,.177,.301,.440,.741,101,124,3,2,0,0,1,37H89/D,gallojo01
237,Ben Gamel*,31,SDP,NL,6,15,15,2,3,1,0,0,2,0,0,0,2,.200,.200,.267,.467,29,4,0,0,0,0,0,/7HD9,gamelbe01
238,Adolis García,30,TEX,AL,148,632,555,108,136,29,0,39,107,9,1,65,175,.245,.328,.508,.836,123,282,12,6,0,6,0,*9/8DH,garciad02
239,Avisaíl García,32,MIA,NL,37,118,108,8,20,3,1,3,12,2,0,6,39,.185,.241,.315,.556,50,34,1,2,0,0,1,97/HD8,garciav01
240,Luis García*,23,WSN,NL,122,482,447,61,119,18,4,9,50,9,4,27,60,.266,.304,.385,.688,90,172,10,0,1,7,1,*4H,garcilu04
241,Maikel Garcia,23,KCR,AL,123,515,464,59,126,20,4,4,50,23,7,38,115,.272,.323,.358,.681,88,166,9,2,1,10,0,56/D4H,garcima01
242,Kyle Garlick,31,MIN,AL,14,30,28,2,5,1,0,2,4,0,0,2,11,.179,.233,.429,.662,77,12,0,0,0,0,0,/9H7D,garliky01
243,Stone Garrett,27,WSN,NL,89,271,234,40,63,17,0,9,40,3,1,26,82,.269,.343,.457,.801,120,107,6,3,0,5,0,7H9/D,garrest01
244,Mitch Garver,32,TEX,AL,87,344,296,45,80,11,0,19,50,0,0,44,82,.270,.370,.500,.870,134,148,6,3,0,0,1,D2/H3,garvemi01
245,Zack Gelof,23,OAK,AL,69,300,270,40,72,20,1,14,32,14,2,26,82,.267,.337,.504,.840,137,136,5,3,0,1,1,4,gelofza01
246,Ian Gibaut,29,CIN,NL,1,0,0,0,0,0,0,0,0,0,0,0,0,,,,,,0,0,0,0,0,0,1,gibauia01
247,Kyle Gibson,35,BAL,AL,1,0,0,0,0,0,0,0,0,0,0,0,0,,,,,,0,0,0,0,0,0,1,gibsoky01
248,Logan Gillaspie,26,BAL,AL,1,0,0,0,0,0,0,0,0,0,0,0,0,,,,,,0,0,0,0,0,0,1,gillalo01
249,Andrés Giménez*,24,CLE,AL,153,616,557,76,140,27,5,15,62,30,6,32,112,.251,.314,.399,.712,98,222,10,20,4,3,3,*4/H,gimenan01
250,Kevin Ginkel*,29,ARI,NL,1,0,0,0,0,0,0,0,0,0,0,0,0,,,,,,0,0,0,0,0,0,1,ginkeke01
251,Paul Goldschmidt,35,STL,NL,154,687,593,89,159,31,0,25,80,11,2,87,161,.268,.363,.447,.810,121,265,12,3,0,3,6,*3D,goldspa01
252,Yan Gomes,35,CHC,NL,116,419,382,44,102,20,2,10,63,1,0,21,81,.267,.315,.408,.723,93,156,9,9,0,7,1,2DH,gomesya01
253,Nick Gonzales,24,PIT,NL,35,128,115,12,24,8,1,2,13,0,1,6,36,.209,.268,.348,.616,67,40,0,4,1,2,0,4/6H,gonzani01
254,Oscar Gonzalez,25,CLE,AL,54,180,173,15,37,7,2,2,12,0,0,5,46,.214,.239,.312,.551,53,54,2,1,0,1,0,9D/H7,gonzaos01
255,Romy Gonzalez,26,CHW,AL,44,97,93,11,18,4,2,3,14,7,0,2,36,.194,.208,.376,.585,55,35,0,0,1,1,0,4H/9D7658,gonzaro01
256,Victor González*,27,LAD,NL,2,0,0,0,0,0,0,0,0,0,0,0,0,,,,,,0,0,0,0,0,0,1,gonzavi02
257,Hunter Goodman,23,COL,NL,23,77,70,6,14,4,3,1,17,1,0,5,24,.200,.247,.386,.632,60,27,2,0,0,2,0,9/3DH,goodmhu01
258,Nick Gordon*,27,MIN,AL,34,93,91,13,16,5,1,2,7,0,0,1,11,.176,.185,.319,.503,35,29,1,0,1,0,0,874H/6,gordoni01
259,Nolan Gorman*,23,STL,NL,119,464,406,59,96,17,0,27,76,7,2,53,148,.236,.328,.478,.805,117,194,5,3,0,2,1,4D5H,gormano01
260,Yasmani Grandal#,34,CHW,AL,118,405,363,33,85,14,0,8,33,0,0,36,86,.234,.309,.339,.647,77,123,11,4,0,2,1,2HD/3,grandya01
261,Brusdar Graterol,24,LAD,NL,1,0,0,0,0,0,0,0,0,0,0,0,0,,,,,,0,0,0,0,0,0,1,gratebr01
262,Kendall Graveman,32,TOT,AL,1,0,0,0,0,0,0,0,0,0,0,0,0,,,,,,0,0,0,0,0,0,1,graveke01
263,Jon Gray,31,TEX,AL,1,0,0,0,0,0,0,0,0,0,0,0,0,,,,,,0,0,0,0,0,0,1,grayjo02
264,Tristan Gray*,27,TBR,AL,2,5,5,1,2,0,0,1,1,0,0,0,0,.400,.400,1.000,1.400,272,5,0,0,0,0,0,/36,graytr01
265,Riley Greene*,22,DET,AL,99,416,378,51,109,19,4,11,37,7,0,35,114,.288,.349,.447,.796,117,169,7,1,0,2,0,8/D79H,greenri03
266,Zack Greinke,39,KCR,AL,1,0,0,0,0,0,0,0,0,0,0,0,0,,,,,,0,0,0,0,0,0,1,greinza01
267,Randal Grichuk,31,TOT,MLB,118,471,434,65,116,31,2,16,44,2,2,29,96,.267,.321,.459,.779,103,199,11,6,0,2,2,798D/H,grichra01
268,Trent Grisham*,26,SDP,NL,153,555,469,67,93,31,1,13,50,15,3,75,154,.198,.315,.352,.666,87,165,7,5,4,1,0,*8/H,grishtr01
269,Vaughn Grissom,22,ATL,NL,23,80,75,5,21,3,1,0,9,0,1,2,15,.280,.313,.347,.659,78,26,2,2,0,1,0,6/4H,grissva01
270,Robbie Grossman#,33,TEX,AL,115,420,353,56,84,23,1,10,49,1,0,57,98,.238,.340,.394,.734,100,139,8,2,0,8,0,7D9H,grossro01
271,Vladimir Guerrero Jr.,24,TOR,AL,156,682,602,78,159,30,0,26,94,5,3,67,100,.264,.345,.444,.788,117,267,23,9,0,4,5,*3D/H,guerrvl02
272,Luis Guillorme*,28,NYM,NL,54,120,107,12,24,6,1,1,9,0,0,10,28,.224,.288,.327,.615,70,35,4,0,2,1,1,45/H61,guilllu01
273,Lourdes Gurriel Jr.,29,ARI,NL,145,592,551,65,144,35,2,24,82,5,0,33,103,.261,.309,.463,.772,108,255,20,6,0,2,1,7D/H3,gurrilo01
274,Yuli Gurriel,39,MIA,NL,108,329,298,32,73,16,3,4,27,4,0,26,44,.245,.304,.359,.663,79,107,13,1,0,4,3,3H/D,gourryu01
275,Dalton Guthrie,27,PHI,NL,23,28,24,4,4,1,0,0,0,0,0,3,7,.167,.286,.208,.494,40,5,0,1,0,0,0,7/8H95,guthrda01
276,Eric Haase,30,TOT,AL,89,293,274,22,55,8,1,4,26,4,1,17,81,.201,.247,.281,.528,45,77,11,0,1,1,1,27H/D9,haaseer01
277,Josh Hader*,29,SDP,NL,1,0,0,0,0,0,0,0,0,0,0,0,0,,,,,,0,0,0,0,0,0,1,haderjo01
278,Sam Haggerty#,29,SEA,AL,52,108,91,13,23,3,1,1,5,10,1,15,17,.253,.364,.341,.705,102,31,0,1,1,0,0,H7D4/389,haggesa01
279,Darick Hall*,27,PHI,NL,18,56,54,2,9,1,0,1,3,0,0,2,18,.167,.196,.241,.437,20,13,2,0,0,0,0,3/H,hallda02
280,DL Hall*,24,BAL,AL,1,0,0,0,0,0,0,0,0,0,0,0,0,,,,,,0,0,0,0,0,0,1,halldl01
281,Billy Hamilton,32,CHW,AL,3,2,2,2,0,0,0,0,0,2,0,0,1,.000,.000,.000,.000,-100,0,0,0,0,0,0,/H9,hamilbi02
282,Caleb Hamilton,28,BOS,AL,4,6,5,0,0,0,0,0,0,0,0,1,5,.000,.167,.000,.167,-49,0,0,0,0,0,0,/2,hamilca01
283,David Hamilton*,25,BOS,AL,15,39,33,2,4,2,0,0,0,2,1,6,10,.121,.256,.182,.438,22,6,1,0,0,0,0,6/4H,hamilda03
284,Garrett Hampson,28,MIA,NL,98,252,221,30,61,12,1,3,23,5,0,23,67,.276,.349,.380,.729,98,84,3,3,3,2,0,68H947/5D,hampsga01
285,Mitch Haniger,32,SFG,NL,61,229,211,27,44,13,1,6,28,1,0,15,65,.209,.266,.365,.631,73,77,7,2,0,1,0,79/HD,hanigmi01
286,Ian Happ#,28,CHC,NL,158,691,580,86,144,35,4,21,84,14,3,99,153,.248,.360,.431,.791,112,250,12,6,0,6,2,*7/DH,happia01
287,Bryce Harper*,30,PHI,NL,126,546,457,84,134,29,1,21,72,11,3,80,119,.293,.401,.499,.900,146,228,10,5,0,4,8,D3/H,harpebr03
288,Michael Harris II*,22,ATL,NL,138,539,505,76,148,33,3,18,57,20,4,25,101,.293,.331,.477,.808,114,241,8,5,1,3,1,*8/H,harrimi04
289,Josh Harrison,35,PHI,NL,40,114,103,8,21,3,0,2,10,0,0,3,20,.204,.263,.291,.554,53,30,2,6,0,2,0,5H4/719D,harrijo05
290,Adam Haseley*,27,CHW,AL,28,39,36,6,8,2,0,0,2,1,0,3,8,.222,.282,.278,.560,54,10,1,0,0,0,0,9/H87D,haselad01
291,Ke'Bryan Hayes,26,PIT,NL,124,525,494,65,134,31,7,15,61,10,6,28,104,.271,.309,.453,.762,105,224,11,0,0,3,1,*5/DH,hayeske01
292,Austin Hays,27,BAL,AL,144,566,520,76,143,36,2,16,67,5,1,38,141,.275,.325,.444,.769,114,231,11,3,0,5,1,*7/89HD,haysau01
293,Taylor Hearn*,28,TOT,MLB,1,0,0,0,0,0,0,0,0,0,0,0,0,,,,,,0,0,0,0,0,0,1,hearnta01
294,Jonathan Heasley,26,KCR,AL,1,0,0,0,0,0,0,0,0,0,0,0,0,,,,,,0,0,0,0,0,0,1,heasljo01
295,Austin Hedges,30,TOT,MLB,81,212,185,14,34,5,0,1,16,1,0,11,47,.184,.234,.227,.461,27,42,7,2,10,3,0,2/1DH,hedgeau01
296,Jonah Heim#,28,TEX,AL,131,501,457,61,118,28,0,18,95,2,0,40,96,.258,.317,.438,.755,103,200,10,1,0,3,2,*2/DH,heimjo01
297,Tyler Heineman#,32,TOT,MLB,22,47,38,5,9,1,1,0,3,1,0,8,8,.237,.383,.316,.699,98,12,0,1,0,0,0,2/H,heinety01
298,Ryan Helsley,28,STL,NL,1,0,0,0,0,0,0,0,0,0,0,0,0,,,,,,0,0,0,0,0,0,1,helslry01
299,Gunnar Henderson*,22,BAL,AL,150,622,560,100,143,29,9,28,82,10,3,56,159,.255,.325,.489,.814,125,274,10,3,0,3,1,56D/H,hendegu01
300,David Hensley,27,HOU,AL,30,94,84,12,10,1,0,1,3,1,0,10,35,.119,.213,.167,.379,8,14,0,0,0,0,0,D/4H375,henslda01
301,Carlos Hernández,26,KCR,AL,1,0,0,0,0,0,0,0,0,0,0,0,0,,,,,,0,0,0,0,0,0,1,hernaca04
302,Enrique Hernández,31,TOT,MLB,140,508,465,57,110,23,0,11,61,4,1,34,97,.237,.289,.357,.646,74,166,17,3,0,6,1,648573H/9,hernaen02
303,Teoscar Hernández,30,SEA,AL,160,678,625,70,161,29,2,26,93,7,2,38,211,.258,.305,.435,.741,106,272,6,8,0,7,2,*9D/H,hernate01
304,Yonny Hernández#,25,LAD,NL,14,27,22,5,3,1,0,0,4,0,0,2,8,.136,.231,.182,.413,14,4,0,1,1,1,0,/4H51,hernayo02
305,Iván Herrera,23,STL,NL,13,44,37,6,11,2,0,0,4,0,0,5,11,.297,.409,.351,.760,112,13,1,2,0,0,0,2,herreiv01
306,Jose Herrera#,26,ARI,NL,41,120,101,15,21,5,0,0,7,1,0,13,30,.208,.296,.257,.553,54,26,2,0,5,1,0,2/1H,herrejo04
307,Jason Heyward*,33,LAD,NL,124,377,334,56,90,23,0,15,40,2,2,34,64,.269,.340,.473,.813,117,158,7,3,0,3,1,*98H/73D,heywaja01
308,Aaron Hicks#,33,TOT,AL,93,312,269,44,68,9,1,8,36,6,0,42,69,.253,.353,.383,.735,106,103,3,0,0,1,1,879H/D,hicksaa01
309,Kyle Higashioka,33,NYY,AL,92,260,242,24,57,13,0,10,34,0,0,14,74,.236,.274,.413,.687,85,100,5,0,1,3,0,2/HD,higasky01
310,Derek Hill,27,WSN,NL,13,50,47,3,8,1,0,0,1,1,0,3,11,.170,.220,.191,.411,16,9,0,0,0,0,0,8,hillde01
311,Sam Hilliard*,29,ATL,NL,40,78,72,15,17,5,0,3,6,4,0,6,33,.236,.295,.431,.725,92,31,1,0,0,0,0,8H/7D9,hillisa01
312,Bryan Hoeing,26,MIA,NL,1,0,0,0,0,0,0,0,0,0,0,0,0,,,,,,0,0,0,0,0,0,1,hoeinbr01
313,Nico Hoerner,26,CHC,NL,150,688,619,98,175,27,4,9,68,43,7,49,83,.283,.346,.383,.729,97,237,12,14,1,5,0,*46/DH,hoernni01
314,TJ Hopkins,26,CIN,NL,25,44,41,7,7,0,0,0,1,1,0,2,17,.171,.227,.171,.398,10,7,1,1,0,0,0,H/9D7,hopkitj01
315,Spencer Horwitz*,25,TOR,AL,15,44,39,5,10,2,0,1,7,0,0,4,12,.256,.341,.385,.726,102,15,1,1,0,0,0,/D3H,horwisp01
316,Eric Hosmer*,33,CHC,NL,31,100,94,7,22,3,0,2,14,0,0,6,25,.234,.280,.330,.610,64,31,5,0,0,0,0,3D/H,hosmeer01
317,Sam Huff,25,TEX,AL,21,45,43,5,11,2,0,3,6,0,0,2,17,.256,.289,.512,.801,112,22,1,0,0,0,0,2/D3H,huffsa01
318,Cooper Hummel#,28,SEA,AL,10,26,23,2,2,1,0,0,0,1,0,2,9,.087,.192,.130,.323,-6,3,1,1,0,0,0,/DH79,hummeco01
319,Tommy Hunter,36,NYM,NL,2,0,0,0,0,0,0,0,0,0,0,0,0,,,,,,0,0,0,0,0,0,1,hunteto02
320,Andy Ibáñez,30,DET,AL,114,383,356,42,94,23,2,11,41,1,0,24,69,.264,.312,.433,.744,102,154,7,1,1,1,0,4H57/93D,ibanean01
321,Jonathan India,26,CIN,NL,119,529,454,78,111,23,0,17,61,14,2,52,109,.244,.338,.407,.746,100,185,13,16,0,7,0,4D/H,indiajo01
322,Kyle Isbel*,26,KCR,AL,91,313,292,45,70,22,2,5,34,7,1,17,59,.240,.282,.380,.662,80,111,5,1,1,2,0,8/HD,isbelky01
323,Drey Jameson,25,ARI,NL,1,0,0,0,0,0,0,0,0,0,0,0,0,,,,,,0,0,0,0,0,0,1,jamesdr01
324,Travis Jankowski*,32,TEX,AL,107,287,247,34,65,12,1,1,30,19,1,35,42,.263,.357,.332,.689,90,82,6,2,1,2,0,7H98/D,jankotr01
325,Danny Jansen,28,TOR,AL,86,301,268,38,61,15,0,17,53,0,0,23,62,.228,.312,.474,.786,115,127,3,10,0,0,1,2H/D,janseda01
326,Kenley Jansen#,35,BOS,AL,1,0,0,0,0,0,0,0,0,0,0,0,0,,,,,,0,0,0,0,0,0,1,janseke01
327,Bryce Jarvis*,25,ARI,NL,1,0,0,0,0,0,0,0,0,0,0,0,0,,,,,,0,0,0,0,0,0,1,jarvibr01
328,Ryan Jeffers,26,MIN,AL,96,335,286,46,79,15,2,14,43,3,2,33,93,.276,.369,.490,.858,134,140,6,10,4,2,1,2H/D,jeffery01
329,Eloy Jiménez,26,CHW,AL,120,489,456,50,124,23,0,18,64,0,0,30,93,.272,.317,.441,.758,104,201,13,1,0,2,2,D9/H,jimenel02
330,Joe Jiménez,28,ATL,NL,1,0,0,0,0,0,0,0,0,0,0,0,0,,,,,,0,0,0,0,0,0,1,jimenjo02
331,Connor Joe,30,PIT,NL,133,472,413,63,102,31,4,11,42,3,5,50,110,.247,.339,.421,.760,107,174,4,8,0,1,0,937H/D,joeco01
332,Bryce Johnson#,27,SFG,NL,30,48,43,7,7,1,0,1,3,3,0,4,15,.163,.229,.256,.485,35,11,0,0,0,1,0,8/H7,johnsbr03
333,Pierce Johnson,32,TOT,NL,1,0,0,0,0,0,0,0,0,0,0,0,0,,,,,,0,0,0,0,0,0,1,johnspi01
334,Jahmai Jones,25,MIL,NL,7,11,10,2,2,1,0,0,3,1,0,1,5,.200,.273,.300,.573,58,3,0,0,0,0,0,/DH4,jonesja08
335,Nolan Jones*,25,COL,NL,106,424,367,60,109,22,4,20,62,20,4,53,126,.297,.389,.542,.931,138,199,1,3,0,1,3,793/8H5,jonesno01
336,Aaron Judge,31,NYY,AL,106,458,367,79,98,16,0,37,75,3,1,88,130,.267,.406,.613,1.019,175,225,5,0,0,3,9,9D8/H,judgeaa01
337,Edouard Julien*,24,MIN,AL,109,408,338,60,89,16,1,16,37,3,0,64,128,.263,.381,.459,.839,130,155,8,2,1,3,0,4DH/3,julieed01
338,Corey Julks,27,HOU,AL,93,323,298,35,73,14,0,6,33,15,3,22,75,.245,.297,.352,.650,79,105,6,1,0,2,0,7DH/9,julksco01
339,Josh Jung,25,TEX,AL,122,515,478,75,127,25,1,23,70,1,3,30,151,.266,.315,.467,.781,109,223,7,5,0,2,0,*5/H,jungjo01
340,Jakob Junis,30,SFG,NL,1,0,0,0,0,0,0,0,0,0,0,0,0,,,,,,0,0,0,0,0,0,1,junisja01
341,Connor Kaiser,26,COL,NL,3,4,4,0,0,0,0,0,0,0,0,0,2,.000,.000,.000,.000,-100,0,0,0,0,0,0,/6H,kaiseco01
342,Karl Kauffmann,25,COL,NL,1,0,0,0,0,0,0,0,0,0,0,0,0,,,,,,0,0,0,0,0,0,1,kauffka01
343,Anthony Kay*,28,TOT,NL,4,0,0,0,0,0,0,0,0,0,0,0,0,,,,,,0,0,0,0,0,0,1,kayan01
344,Jarred Kelenic*,23,SEA,AL,105,416,372,44,94,25,2,11,49,13,5,41,132,.253,.327,.419,.746,109,156,6,1,0,2,4,79/8HD,kelenja01
345,Carson Kelly,28,TOT,MLB,50,151,136,13,28,5,0,2,13,1,0,14,40,.206,.278,.287,.565,56,39,2,0,0,1,0,2/1DH,kellyca02
346,Tony Kemp*,31,OAK,AL,124,419,359,42,75,13,3,5,27,15,4,44,40,.209,.303,.304,.607,76,109,9,6,7,3,0,74H/D,kempto01
347,Buddy Kennedy,24,ARI,NL,10,29,24,1,4,1,0,0,1,0,0,4,6,.167,.310,.208,.519,47,5,0,1,0,0,0,/5HD4,kennebu01
348,Max Kepler*,30,MIN,AL,130,491,438,72,114,22,2,24,66,1,1,45,106,.260,.332,.484,.816,121,212,9,4,0,4,0,*9H/D,keplema01
349,Grae Kessinger,25,HOU,AL,26,45,40,3,8,2,0,1,1,0,1,5,12,.200,.289,.325,.614,70,13,0,0,0,0,0,/H5643,kessigr01
350,Carter Kieboom,25,WSN,NL,27,94,87,12,18,2,0,4,11,0,0,6,27,.207,.266,.368,.634,74,32,2,1,0,0,0,5/HD,kieboca01
351,Kevin Kiermaier*,33,TOR,AL,129,408,370,58,98,21,6,8,36,14,1,29,86,.265,.322,.419,.741,104,155,9,4,1,4,0,*8/HD,kiermke01
352,Ha-Seong Kim,27,SDP,NL,152,626,538,84,140,23,0,17,60,38,9,75,124,.260,.351,.398,.749,110,214,7,3,5,5,1,456/HD,kimha01
353,Isiah Kiner-Falefa,28,NYY,AL,113,361,326,39,79,12,1,6,37,14,5,28,70,.242,.306,.340,.646,78,111,12,3,1,3,0,875H/9146,kineris01
354,John King*,28,TOT,MLB,1,0,0,0,0,0,0,0,0,0,0,0,0,,,,,,0,0,0,0,0,0,1,kingjo01
355,Alex Kirilloff*,25,MIN,AL,88,319,281,35,76,14,1,11,41,1,0,28,80,.270,.348,.445,.793,117,125,2,7,0,3,1,3H97/D,kirilal01
356,Alejandro Kirk,24,TOR,AL,123,422,372,34,93,16,0,8,43,0,0,42,45,.250,.334,.358,.692,93,133,21,6,0,2,1,2HD,kirkal01
357,Heston Kjerstad*,24,BAL,AL,13,33,30,3,7,1,0,2,3,0,0,2,10,.233,.281,.467,.748,106,14,0,0,0,0,0,/DH79,kjershe01
358,Andrew Knizner,28,STL,NL,70,241,224,30,54,11,0,10,31,2,0,12,62,.241,.288,.424,.712,92,95,8,3,1,1,0,2/H3D,kniznan01
359,Taylor Kohlwey*,28,SDP,NL,5,13,13,0,2,0,0,0,0,0,0,0,5,.154,.154,.154,.308,-13,2,0,0,0,0,0,/7DH9,kohlwta01
360,Mark Kolozsvary,27,BAL,AL,1,0,0,0,0,0,0,0,0,0,0,0,0,,,,,,0,0,0,0,0,0,/2,kolozma01
361,Ryan Kreidler,25,DET,AL,11,18,18,2,2,0,0,0,0,0,0,0,7,.111,.111,.111,.222,-38,2,0,0,0,0,0,/456DH,kreidry01
362,Steven Kwan*,25,CLE,AL,158,718,638,93,171,36,7,5,54,21,3,70,75,.268,.340,.370,.710,100,236,9,3,1,6,2,*7/DH,kwanst01
363,Tommy La Stella*,34,SEA,AL,12,24,21,2,4,1,0,0,2,0,0,3,5,.190,.292,.238,.530,53,5,0,0,0,0,0,/DH,lasteto01
364,Jake Lamb*,32,LAA,AL,18,54,51,7,11,1,0,2,5,0,0,3,15,.216,.259,.353,.612,65,18,1,0,0,0,0,3/H1,lambja01
365,Alex Lange,27,DET,AL,1,0,0,0,0,0,0,0,0,0,0,0,0,,,,,,0,0,0,0,0,0,1,langeal01
366,Shea Langeliers,25,OAK,AL,135,490,448,52,92,19,4,22,63,3,2,34,143,.205,.268,.413,.681,92,185,10,5,1,2,2,*2/DH,langesh01
367,Trevor Larnach*,26,MIN,AL,58,212,183,26,39,7,3,8,40,1,1,27,72,.213,.311,.415,.727,98,76,2,0,0,2,1,79/HD,larnatr01
368,Ramón Laureano,28,TOT,AL,105,404,361,46,81,18,4,9,35,12,1,33,114,.224,.304,.371,.676,91,134,9,9,0,1,0,98/HD,laurera01
369,Derek Law,32,CIN,NL,1,0,0,0,0,0,0,0,0,0,0,0,0,,,,,,0,0,0,0,0,0,1,lawde01
370,Jordan Lawlar,20,ARI,NL,14,34,31,2,4,0,0,0,0,1,1,2,11,.129,.206,.129,.335,-5,4,0,1,0,0,0,6/H,lawlajo01
371,Justin Lawrence,28,COL,NL,1,0,0,0,0,0,0,0,0,0,0,0,0,,,,,,0,0,0,0,0,0,1,lawreju01
372,Korey Lee,24,CHW,AL,24,70,65,4,5,1,0,1,3,0,0,5,20,.077,.143,.138,.281,-22,9,0,0,0,0,0,2/DH,leeko01
373,Mark Leiter Jr.,32,CHC,NL,1,0,0,0,0,0,0,0,0,0,0,0,0,,,,,,0,0,0,0,0,0,1,leitema02
374,DJ LeMahieu,34,NYY,AL,136,562,497,55,121,22,3,15,44,2,2,60,125,.243,.327,.390,.718,96,194,14,3,0,2,2,53/4HD,lemahdj01
375,Sandy León#,34,TEX,AL,21,44,41,4,6,2,0,0,4,0,0,1,20,.146,.186,.195,.381,4,8,2,1,1,0,0,2/1H,leonsa01
376,Josh Lester*,28,BAL,AL,11,23,22,0,4,0,0,0,4,0,0,1,7,.182,.217,.182,.399,15,4,1,0,0,0,0,/3HD519,lestejo02
377,Kyle Lewis,27,ARI,NL,16,54,51,2,8,2,0,1,2,0,0,3,21,.157,.204,.255,.459,25,13,0,0,0,0,0,D/H7,lewisky01
378,Royce Lewis,24,MIN,AL,58,239,217,36,67,7,0,15,52,6,1,20,55,.309,.372,.548,.921,150,119,5,2,0,0,0,5/DH6,lewisro02
379,Francisco Lindor#,29,NYM,NL,160,687,602,108,153,33,2,31,98,31,4,66,137,.254,.336,.470,.806,120,283,8,12,0,7,1,*6/DH,lindofr01
380,Andre Lipcius,25,DET,AL,13,38,35,3,10,1,0,1,4,0,0,3,8,.286,.342,.400,.742,103,14,1,0,0,0,0,5/HD,lipcian01
381,Luke Little*,22,CHC,NL,1,0,0,0,0,0,0,0,0,0,0,0,0,,,,,,0,0,0,0,0,0,/1,littllu01
382,Tim Locastro,30,NYM,NL,43,67,56,13,13,3,0,2,3,6,0,3,22,.232,.338,.393,.731,102,22,0,6,2,0,0,7H/8D9,locasti01
383,Nick Loftin,24,KCR,AL,19,68,62,10,20,5,1,0,10,2,0,4,12,.323,.368,.435,.803,121,27,0,1,0,1,0,/345DH,loftini01
384,Evan Longoria,37,ARI,NL,74,237,211,25,47,9,0,11,28,0,0,23,73,.223,.295,.422,.717,93,89,8,0,0,3,0,5DH,longoev01
385,Alejo Lopez#,27,CIN,NL,1,2,2,1,1,1,0,0,1,0,0,0,1,.500,.500,1.000,1.500,290,2,0,0,0,0,0,/4,lopezal03
386,Irving Lopez*,28,STL,NL,5,12,11,0,0,0,0,0,1,0,0,0,5,.000,.000,.000,.000,-100,0,0,0,0,1,0,/54H,lopezir01
387,Nicky Lopez*,28,TOT,MLB,93,262,225,32,52,8,3,1,25,6,2,26,40,.231,.326,.307,.632,75,69,3,6,4,1,0,45H6/371D,lopezni01
388,Brandon Lowe*,28,TBR,AL,109,436,377,58,87,15,1,21,68,7,0,50,119,.231,.328,.443,.771,113,167,8,6,0,3,0,4/HD,lowebr01
389,Josh Lowe*,25,TBR,AL,135,501,466,71,136,33,2,20,83,32,3,31,124,.292,.335,.500,.835,129,233,6,1,0,3,2,9DH8/7,lowejo01
390,Nathaniel Lowe*,27,TEX,AL,161,724,623,89,163,38,3,17,82,1,0,93,165,.262,.360,.414,.775,111,258,22,5,0,3,2,*3,lowena01
391,Marco Luciano,21,SFG,NL,14,45,39,4,9,3,0,0,0,1,0,6,17,.231,.333,.308,.641,80,12,0,0,0,0,0,6/D,luciama01
392,Nathan Lukes*,28,TOR,AL,29,31,26,4,5,1,1,0,2,0,0,4,9,.192,.290,.308,.598,67,8,1,0,0,1,0,9H/D78,lukesna01
393,Jordan Luplow,29,TOT,AL,39,90,77,11,16,3,0,2,5,2,0,12,27,.208,.322,.325,.647,80,25,1,1,0,0,1,7H/9D381,luplojo01
394,Manny Machado,30,SDP,NL,138,601,543,75,140,21,0,30,91,3,2,50,109,.258,.319,.462,.782,115,251,20,2,0,6,1,5D,machama01
395,Nick Madrigal,26,CHC,NL,92,294,270,34,71,16,1,2,28,10,2,10,24,.263,.311,.352,.663,79,95,3,9,5,0,0,5H4/D,madrini01
396,Bligh Madris*,27,HOU,AL,12,30,26,4,4,1,0,0,0,0,0,4,7,.154,.267,.192,.459,31,5,0,0,0,0,0,/HD371,madribl01
397,Drew Maggi,34,PIT,NL,3,6,6,1,2,1,0,0,1,0,0,0,1,.333,.333,.500,.833,124,3,0,0,0,0,0,/5HD,maggidr01
398,Luke Maile,32,CIN,NL,74,199,179,17,42,10,0,6,25,2,1,14,49,.235,.308,.391,.699,87,70,8,5,1,0,0,2/1HD,mailelu01
399,Martín Maldonado,36,HOU,AL,116,407,362,33,69,12,0,15,36,0,0,30,139,.191,.258,.348,.606,66,126,10,3,12,0,0,*2/1,maldoma01
400,Trey Mancini,31,CHC,NL,79,263,235,31,55,12,0,4,28,0,0,21,78,.234,.299,.336,.635,71,79,5,2,0,3,1,3DH/9,mancitr01
401,Tucupita Marcano*,23,PIT,NL,75,220,202,16,47,12,2,3,18,5,2,10,35,.233,.276,.356,.633,72,72,2,3,3,2,0,64H/5D,marcatu01
402,Manuel Margot,28,TBR,AL,99,336,311,39,82,21,1,4,38,9,3,18,55,.264,.310,.376,.686,91,117,6,4,0,3,0,89H,margoma01
403,Jake Marisnick,32,TOT,MLB,46,83,76,10,18,3,2,2,10,2,3,3,21,.237,.280,.408,.688,86,31,4,2,1,1,0,8/H9D,marisja01
404,Cade Marlowe*,26,SEA,AL,34,100,88,14,21,3,2,3,11,4,2,12,33,.239,.330,.420,.750,111,37,1,0,0,0,0,7/H8D9,marloca01
405,Brandon Marsh*,25,PHI,NL,133,472,404,58,112,25,6,12,60,10,2,59,144,.277,.372,.458,.829,127,185,4,4,1,4,2,*87H/9D,marshbr02
406,Ketel Marte#,29,ARI,NL,150,650,569,94,157,26,9,25,82,8,2,71,109,.276,.358,.485,.844,128,276,16,5,0,5,2,*4/DH86,marteke01
407,Noelvi Marte,21,CIN,NL,35,123,114,15,36,7,0,3,15,6,2,8,25,.316,.366,.456,.822,120,52,1,1,0,0,0,5/6HD4,marteno01
408,Starling Marte,34,NYM,NL,86,341,315,38,78,7,1,5,28,24,4,16,69,.248,.301,.324,.625,73,102,8,8,2,0,1,9/H8,martest01
409,Chris Martin,37,BOS,AL,1,0,0,0,0,0,0,0,0,0,0,0,0,,,,,,0,0,0,0,0,0,1,martich02
410,J.D. Martinez,35,LAD,NL,113,479,432,61,117,27,2,33,103,1,0,34,149,.271,.321,.572,.893,134,247,11,2,0,9,1,*D/7H,martijd02
411,J.P. Martínez*,27,TEX,AL,17,44,40,7,9,1,0,1,4,0,0,2,16,.225,.250,.325,.575,55,13,0,0,0,2,0,/H79D8,martijp01
412,Seth Martinez,28,HOU,AL,1,0,0,0,0,0,0,0,0,0,0,0,0,,,,,,0,0,0,0,0,0,1,martise01
413,Nick Martini*,33,CIN,NL,29,79,72,10,19,3,1,6,16,0,0,5,15,.264,.329,.583,.912,139,42,1,2,0,0,0,7HD/39,martini02
414,Michael Massey*,25,KCR,AL,129,461,428,42,98,18,1,15,55,6,2,24,99,.229,.274,.381,.655,78,163,3,4,1,4,0,*4H/D,massemi02
415,Miles Mastrobuoni*,27,CHC,NL,60,149,133,24,32,5,0,1,5,13,1,13,32,.241,.308,.301,.609,65,40,1,0,3,0,0,5H/4D9671,mastrmi01
416,Jorge Mateo,28,BAL,AL,116,350,318,58,69,14,2,7,34,32,5,22,82,.217,.267,.340,.607,70,108,8,1,5,3,0,*6H/8D,mateojo01
417,Mark Mathias,28,TOT,NL,27,72,62,6,14,2,0,0,6,3,0,10,15,.226,.333,.258,.591,66,16,4,0,0,0,0,4/HD9,mathima01
418,Nick Maton*,26,DET,AL,93,293,249,29,43,9,0,8,32,1,2,38,73,.173,.288,.305,.593,63,76,4,3,1,2,1,54HD/6,matonni01
419,Phil Maton,30,HOU,AL,4,0,0,0,0,0,0,0,0,0,0,0,0,,,,,,0,0,0,0,0,0,1,matonph01
420,Luis Matos,21,SFG,NL,76,253,228,24,57,13,1,2,14,3,0,20,33,.250,.319,.342,.661,84,78,3,3,2,0,0,897/HD,matoslu02
421,Ronny Mauricio#,22,NYM,NL,26,108,101,11,25,4,0,2,9,7,0,7,31,.248,.296,.347,.643,77,35,2,0,0,0,0,4/56,mauriro01
422,Tim Mayza*,31,TOR,AL,2,0,0,0,0,0,0,0,0,0,0,0,0,,,,,,0,0,0,0,0,0,1,mayzati01
423,James McArthur,26,KCR,AL,1,0,0,0,0,0,0,0,0,0,0,0,0,,,,,,0,0,0,0,0,0,1,mcartja01
424,James McCann,33,BAL,AL,69,226,207,25,46,14,0,6,26,3,1,9,57,.222,.269,.377,.646,79,78,5,5,3,2,0,2/DH31,mccanja02
425,Jake McCarthy*,25,ARI,NL,99,312,276,37,67,7,5,2,16,26,4,26,62,.243,.318,.326,.644,77,90,4,5,4,1,0,9H8/D,mccarja02
426,Chas McCormick,28,HOU,AL,115,457,403,59,110,17,2,22,70,19,6,40,117,.273,.353,.489,.842,130,197,3,11,1,2,0,*789/DH,mccorch01
427,Mason McCoy,28,TOR,AL,6,1,1,2,0,0,0,0,0,0,0,0,1,.000,.000,.000,.000,-100,0,0,0,0,0,0,/6H,mccoyma01
428,Andrew McCutchen,36,PIT,NL,112,473,390,55,100,19,0,12,43,11,3,75,100,.256,.378,.397,.776,113,155,8,4,0,4,1,D/H9,mccutan01
429,Scott McGough,33,ARI,NL,2,0,0,0,0,0,0,0,0,0,0,0,0,,,,,,0,0,0,0,0,0,1,mcgousc01
430,Reese McGuire*,28,BOS,AL,72,206,187,15,50,12,1,1,16,2,1,11,53,.267,.310,.358,.668,80,67,2,1,2,1,0,2H/D,mcguire01
431,Ryan McKenna,26,BAL,AL,88,139,122,23,31,7,0,2,18,5,0,9,40,.254,.316,.361,.677,91,44,4,3,3,2,0,98H7/D1,mckenry01
432,Billy McKinney*,28,NYY,AL,48,147,128,19,29,3,1,6,14,1,0,17,39,.227,.320,.406,.726,98,52,1,1,0,1,1,79/8H3,mckinbi01
433,Zach McKinstry*,28,DET,AL,148,518,464,60,107,21,4,9,35,16,6,44,113,.231,.302,.351,.654,79,163,3,5,2,3,0,549H67/8D1,mckinza01
434,Matt McLain,23,CIN,NL,89,403,365,65,106,23,4,16,50,14,5,31,115,.290,.357,.507,.864,129,185,5,7,0,0,0,64/DH,mclaima01
435,Ryan McMahon*,28,COL,NL,152,627,555,80,133,31,3,23,70,5,5,68,198,.240,.322,.431,.753,93,239,19,1,0,3,2,*54/HD,mcmahry01
436,Jeff McNeil*,31,NYM,NL,156,648,585,75,158,25,4,10,55,10,0,39,65,.270,.333,.378,.711,96,221,5,18,3,3,0,497/H836,mcneije01
437,Curtis Mead,22,TBR,AL,24,92,83,12,21,3,1,1,5,0,0,7,21,.253,.326,.349,.675,89,29,3,2,0,0,0,5/4DH6,meadcu01
438,Austin Meadows*,28,DET,AL,6,21,21,0,5,1,0,0,2,0,0,0,3,.238,.238,.286,.524,43,6,0,0,0,0,0,/7H9,meadoau01
439,Parker Meadows*,23,DET,AL,37,145,125,19,30,4,2,3,13,8,1,17,37,.240,.338,.376,.714,96,47,0,2,0,1,1,8/DH,meadopa01
440,Wade Meckler*,23,SFG,NL,20,64,56,6,13,1,0,0,4,0,0,6,25,.232,.328,.250,.578,64,14,0,2,0,0,0,8/H7,mecklwa01
441,Francisco Mejía#,27,TBR,AL,50,160,150,22,34,11,0,5,19,0,1,6,38,.227,.258,.400,.658,80,60,2,1,1,2,0,2/H,mejiafr01
442,MJ Melendez*,24,KCR,AL,148,602,533,65,125,29,5,16,56,6,4,62,170,.235,.316,.398,.713,95,212,4,3,0,4,2,*97D2/H3,melenmj01
443,Danny Mendick,29,NYM,NL,33,69,65,4,12,3,0,1,4,1,0,4,15,.185,.232,.277,.509,40,18,1,0,0,0,0,4/5H7D1,mendida01
444,Joey Meneses,31,WSN,NL,154,657,611,71,168,36,1,13,89,0,0,38,130,.275,.321,.401,.722,99,245,15,5,0,3,0,*D3/H9,menesjo01
445,Óscar Mercado,28,STL,NL,20,32,31,3,9,3,0,0,5,2,1,1,4,.290,.313,.387,.700,90,12,0,0,0,0,0,/978DH,mercaos01
446,Whit Merrifield,34,TOR,AL,145,592,547,66,149,27,0,11,67,26,10,36,101,.272,.318,.382,.700,94,209,15,3,0,6,2,47/H9,merriwh01
447,Julian Merryweather,31,CHC,NL,1,0,0,0,0,0,0,0,0,0,0,0,0,,,,,,0,0,0,0,0,0,1,merryju01
448,Matt Mervis*,25,CHC,NL,27,99,90,8,15,2,0,3,11,0,0,8,32,.167,.242,.289,.531,43,26,1,1,0,0,0,3/H,mervima01
449,Jake Meyers,27,HOU,AL,112,341,309,42,70,16,1,10,33,5,2,26,88,.227,.296,.382,.678,86,118,2,5,0,1,0,8H/7D,meyerja02
450,Drew Millas#,25,WSN,NL,11,33,28,1,8,2,0,1,6,0,0,4,5,.286,.375,.464,.839,131,13,2,0,1,0,0,2/H,milladr01
451,Brad Miller*,33,TEX,AL,27,67,56,8,12,4,0,1,6,0,0,10,11,.214,.328,.339,.668,83,19,1,0,0,1,0,D/H351,millebr02
452,Owen Miller,26,MIL,NL,90,314,291,29,76,17,0,5,27,13,2,17,61,.261,.303,.371,.674,84,108,6,2,0,4,1,435H/7D9,milleow01
453,Shelby Miller,32,LAD,NL,1,1,1,0,0,0,0,0,0,0,0,0,0,.000,.000,.000,.000,-100,0,0,0,0,0,0,1,millesh01
454,Jose Miranda,25,MIN,AL,40,152,142,12,30,4,0,3,13,0,0,9,24,.211,.263,.303,.566,56,43,8,1,0,0,0,5/D3H,miranjo01
455,Calvin Mitchell*,24,PIT,NL,2,5,4,0,0,0,0,0,0,0,0,1,1,.000,.200,.000,.200,-38,0,0,0,0,0,0,/H9,mitchca01
456,Garrett Mitchell*,24,MIL,NL,19,73,65,10,16,2,1,3,7,1,1,7,26,.246,.315,.446,.761,106,29,0,0,0,1,0,8/H,mitchga01
457,Andruw Monasterio,26,MIL,NL,92,315,282,38,73,14,1,3,27,7,2,28,66,.259,.330,.348,.678,87,98,9,3,0,2,0,54/HD6,monasan01
458,Yoán Moncada#,28,CHW,AL,92,357,334,39,87,20,1,11,40,1,0,20,107,.260,.305,.425,.730,97,142,6,2,0,1,0,5/H,moncayo01
459,Mickey Moniak*,25,LAA,AL,85,323,311,35,87,21,2,14,45,6,3,9,113,.280,.307,.495,.802,113,154,4,3,0,0,1,897/H,moniami01
460,Elehuris Montero,24,COL,NL,85,307,284,40,69,15,2,11,39,0,0,15,111,.243,.290,.426,.716,82,121,5,5,0,3,0,3D5/H,monteel01
461,Rafael Montero,32,HOU,AL,1,0,0,0,0,0,0,0,0,0,0,0,0,,,,,,0,0,0,0,0,0,1,montera01
462,Coco Montes,26,COL,NL,18,41,38,3,7,2,0,1,3,0,0,2,12,.184,.244,.316,.560,44,12,0,1,0,0,0,4/5H6,monteco01
463,Dylan Moore,30,SEA,AL,67,165,145,18,30,9,1,7,19,7,3,16,56,.207,.303,.428,.731,104,62,1,4,0,0,0,H47/6D9385,mooredy01
464,Jovani Moran*,26,MIN,AL,2,0,0,0,0,0,0,0,0,0,0,0,0,,,,,,0,0,0,0,0,0,1,moranjo01
465,Christopher Morel,24,CHC,NL,107,429,388,62,96,17,3,26,70,6,2,36,133,.247,.313,.508,.821,116,197,7,2,1,2,0,D48/795H6,morelch01
466,Gabriel Moreno,23,ARI,NL,111,380,341,33,97,19,1,7,50,6,2,29,75,.284,.339,.408,.747,104,139,17,3,0,7,0,2H/D,morenga01
467,Taylor Motter,33,STL,NL,29,82,76,3,13,3,0,0,2,0,0,5,31,.171,.232,.211,.442,23,16,0,1,0,0,0,45/H63D9,motteta01
468,Ryan Mountcastle,26,BAL,AL,115,470,423,64,114,21,1,18,68,3,1,37,107,.270,.328,.452,.779,117,191,13,3,0,7,1,3D/H,mountry01
469,Mike Moustakas*,34,TOT,MLB,112,386,352,43,87,15,0,12,48,0,0,23,95,.247,.293,.392,.685,81,138,7,3,0,8,1,53HD,moustmi01
470,Cedric Mullins*,28,BAL,AL,116,455,404,51,94,23,3,15,74,19,3,43,101,.233,.305,.416,.721,101,168,6,1,3,4,1,*8/HD,mullice01
471,Max Muncy*,32,LAD,NL,135,579,482,95,102,17,1,36,105,1,2,85,153,.212,.333,.475,.808,115,229,8,6,0,6,4,*5D/H,muncyma01
472,Andrés Muñoz,24,SEA,AL,1,0,0,0,0,0,0,0,0,0,0,0,0,,,,,,0,0,0,0,0,0,1,munozan01
473,Penn Murfee,29,SEA,AL,1,0,0,0,0,0,0,0,0,0,0,0,0,,,,,,0,0,0,0,0,0,1,murfepe01
474,Sean Murphy,28,ATL,NL,108,438,370,65,93,21,0,21,68,0,0,49,98,.251,.365,.478,.844,125,177,18,18,0,1,0,2/DH,murphse01
475,Tom Murphy,32,SEA,AL,47,159,145,19,42,12,0,8,17,0,0,10,44,.290,.335,.538,.873,142,78,4,1,0,2,0,2/DH,murphto04
476,Dane Myers,27,MIA,NL,22,70,67,9,18,3,0,1,9,1,1,2,19,.269,.286,.358,.644,74,24,1,0,0,1,0,8/D7H,myersda01
477,Wil Myers,32,CIN,NL,37,141,127,11,24,3,0,3,12,2,1,12,48,.189,.257,.283,.541,46,36,3,0,1,1,0,93/DH,myerswi01
478,James Naile,30,STL,NL,1,0,0,0,0,0,0,0,0,0,0,0,0,,,,,,0,0,0,0,0,0,1,naileja01
479,Tyler Naquin*,32,CHW,AL,5,8,8,0,0,0,0,0,0,0,0,0,7,.000,.000,.000,.000,-100,0,0,0,0,0,0,/7H9,naquity01
480,Andrew Nardi*,24,MIA,NL,1,0,0,0,0,0,0,0,0,0,0,0,0,,,,,,0,0,0,0,0,0,1,nardian01
481,Omar Narváez*,31,NYM,NL,49,146,128,12,27,5,0,2,7,0,0,14,27,.211,.283,.297,.580,61,38,1,0,1,3,0,2/H,narvaom01
482,Bo Naylor*,23,CLE,AL,67,230,198,33,47,13,0,11,32,5,0,30,53,.237,.339,.470,.809,124,93,2,1,0,1,1,2/H,naylobo01
483,Josh Naylor*,26,CLE,AL,121,495,452,52,139,31,0,17,97,10,3,33,68,.308,.354,.489,.842,133,221,11,3,0,7,9,3D/H9,naylojo01
484,Kyle Nelson*,26,ARI,NL,1,0,0,0,0,0,0,0,0,0,0,0,0,,,,,,0,0,0,0,0,0,1,nelsoky01
485,Hector Neris,34,HOU,AL,1,0,0,0,0,0,0,0,0,0,0,0,0,,,,,,0,0,0,0,0,0,1,nerishe01
486,Zach Neto,22,LAA,AL,84,329,289,38,65,17,0,9,34,5,1,20,77,.225,.308,.377,.685,86,109,5,16,1,3,0,6/H,netoza01
487,Tyler Nevin,26,DET,AL,41,111,95,11,19,3,1,2,10,0,1,12,25,.200,.306,.316,.622,72,30,1,3,0,1,0,5HD/379,nevinty01
488,Kevin Newman,29,CIN,NL,74,253,225,28,57,16,0,3,28,8,1,17,34,.253,.311,.364,.675,81,82,7,4,2,5,0,564H/3D,newmake01
489,Tomás Nido,29,NYM,NL,22,61,56,5,7,0,0,0,1,0,0,2,18,.125,.153,.125,.278,-22,7,2,0,2,1,0,2/H,nidoto01
490,Brandon Nimmo*,30,NYM,NL,152,682,592,89,162,30,6,24,68,3,3,74,146,.274,.363,.466,.829,127,276,6,11,1,4,0,*87/DH,nimmobr01
491,Ryan Noda*,27,OAK,AL,128,495,406,63,93,22,1,16,54,3,1,77,170,.229,.364,.406,.770,121,165,4,10,0,2,1,*3H/D97,nodary01
492,Austin Nola,33,SDP,NL,52,154,130,9,19,3,0,1,8,0,0,18,31,.146,.260,.192,.452,30,25,5,2,4,0,0,2/H,nolaau01
493,Lars Nootbaar*,25,STL,NL,117,503,426,74,111,23,1,14,46,11,1,72,99,.261,.367,.418,.784,115,178,7,1,1,3,2,*897/HD,nootbla01
494,Ryan O'Hearn*,29,BAL,AL,112,368,346,48,100,22,1,14,60,5,1,15,82,.289,.322,.480,.801,122,166,2,3,1,3,2,39HD/7,ohearry01
495,Logan O'Hoppe,23,LAA,AL,51,199,182,23,43,6,0,14,29,0,1,14,48,.236,.296,.500,.796,111,91,4,2,0,1,0,2/DH,ohopplo01
496,Brian O'Keefe,29,SEA,AL,8,21,19,0,2,2,0,0,2,0,0,2,7,.105,.190,.211,.401,14,4,2,0,0,0,0,/2H,okeefbr01
497,Tyler O'Neill,28,STL,NL,72,266,238,27,55,14,0,9,21,5,0,28,67,.231,.312,.403,.715,94,96,5,0,0,0,0,78/HD,oneilty01
498,Rougned Odor*,29,SDP,NL,59,157,138,21,28,9,0,4,18,2,1,17,37,.203,.299,.355,.654,83,49,2,2,0,0,0,4H/5D93,odorro01
499,Shohei Ohtani*,28,LAA,AL,135,599,497,102,151,26,8,44,95,20,6,91,143,.304,.412,.654,1.066,184,325,9,3,0,3,21,*D1,ohtansh01
500,Chris Okey,28,LAA,AL,2,2,2,0,0,0,0,0,0,0,0,0,2,.000,.000,.000,.000,-100,0,0,0,0,0,0,/2,okeych01
501,Edward Olivares,27,KCR,AL,107,385,354,47,93,23,4,12,36,11,5,22,64,.263,.317,.452,.769,109,160,7,7,0,2,1,7DH/98,olivaed02
502,Matt Olson*,29,ATL,NL,162,720,608,127,172,27,3,54,139,1,0,104,167,.283,.389,.604,.993,162,367,13,4,0,4,8,*3,olsonma02
503,Jonathan Ornelas,23,TEX,AL,8,8,7,2,1,0,0,0,0,0,0,0,4,.143,.250,.143,.393,12,1,0,1,0,0,0,/65H,orneljo01
504,Rafael Ortega*,32,NYM,NL,47,136,114,16,25,3,0,1,8,6,1,20,33,.219,.341,.272,.613,73,31,0,1,1,0,0,87/H9D,ortegra01
505,Joey Ortiz,24,BAL,AL,15,34,33,4,7,1,0,0,4,0,0,0,9,.212,.206,.242,.448,26,8,2,0,0,1,0,/45H6,ortizjo06
506,James Outman*,26,LAD,NL,151,567,483,86,120,16,3,23,70,16,3,68,181,.248,.353,.437,.790,112,211,4,12,0,4,1,*87/H9D,outmaja01
507,Chris Owings,31,PIT,NL,10,25,25,0,4,0,0,0,0,0,0,0,12,.160,.160,.160,.320,-12,4,1,0,0,0,0,6/81,owingch01
508,Marcell Ozuna,32,ATL,NL,144,592,530,84,145,29,1,40,100,0,0,57,134,.274,.346,.558,.905,138,296,9,3,0,2,1,*D/7H,ozunama01
509,Cristian Pache,24,PHI,NL,48,95,84,12,20,7,1,2,11,2,3,10,27,.238,.319,.417,.736,100,35,1,0,1,0,0,78H/9D,pachecr01
510,Kevin Padlo,26,LAA,AL,3,8,8,1,1,1,0,0,0,0,0,0,0,.125,.125,.250,.375,-2,2,1,0,0,0,0,/35,padloke01
511,Emilio Pagán*,32,MIN,AL,1,0,0,0,0,0,0,0,0,0,0,0,0,,,,,,0,0,0,0,0,0,1,paganem01
512,Joshua Palacios*,27,PIT,NL,91,264,247,26,59,9,2,10,40,5,0,12,56,.239,.279,.413,.692,86,102,7,2,2,1,0,9H78/D,palacjo01
513,Richie Palacios*,26,STL,NL,32,102,93,9,24,6,0,6,16,2,0,6,11,.258,.307,.516,.823,120,48,1,1,1,1,0,7/8HD94,palacri01
514,Isaac Paredes,24,TBR,AL,143,571,492,71,123,24,0,31,98,1,0,58,104,.250,.352,.488,.840,131,240,11,20,0,1,0,*534/HD6,paredis01
515,Kyren Paris,21,LAA,AL,15,46,40,4,4,0,0,0,1,3,0,4,17,.100,.200,.100,.300,-14,4,0,1,1,0,0,/648HD,parisky01
516,Vinnie Pasquantino*,25,KCR,AL,61,260,231,24,57,17,0,9,26,0,0,25,31,.247,.324,.437,.762,108,101,7,2,0,1,2,3D/H,pasquvi01
517,Joc Pederson*,31,SFG,NL,121,425,358,59,84,14,3,15,51,0,0,57,89,.235,.348,.416,.764,111,149,12,7,0,3,6,D7H/93,pederjo01
518,Liover Peguero,22,PIT,NL,59,213,198,21,47,4,1,7,26,6,2,11,67,.237,.280,.374,.653,77,74,6,1,2,1,0,64,pegueli01
519,Jeremy Peña,25,HOU,AL,150,634,577,81,152,32,3,10,52,13,9,43,129,.263,.324,.381,.705,95,220,11,9,1,1,1,*6,penaje02
520,David Peralta*,35,LAD,NL,133,422,394,47,102,25,1,7,55,4,1,20,72,.259,.294,.381,.675,81,150,8,2,0,6,1,*7H9/D,peralda01
521,Oswald Peraza,23,NYY,AL,52,191,173,15,33,8,0,2,14,4,3,13,50,.191,.267,.272,.539,49,47,1,5,0,0,0,54/6HD,perazos02
522,Geraldo Perdomo#,23,ARI,NL,144,495,407,71,100,20,4,6,47,16,4,64,86,.246,.353,.359,.712,96,146,2,6,14,4,1,*645H,perdoge01
523,Everson Pereira,22,NYY,AL,27,103,93,6,14,4,0,0,10,4,0,8,40,.151,.233,.194,.427,20,18,1,2,0,0,0,7,pereiev01
524,Carlos Pérez,32,OAK,AL,66,189,168,17,38,4,0,6,20,0,0,13,40,.226,.293,.357,.650,85,60,4,4,1,3,0,2H3D/17,perezca02
525,Carlos Pérez,26,CHW,AL,27,53,49,5,10,4,0,1,3,0,0,4,11,.204,.264,.347,.611,65,17,2,0,0,0,0,2H/D,perezca03
526,Cionel Pérez,27,BAL,AL,3,0,0,0,0,0,0,0,0,0,0,0,0,,,,,,0,0,0,0,0,0,1,perezci01
527,Michael Perez*,30,NYM,NL,3,8,8,1,4,1,0,0,0,0,0,0,1,.500,.500,.625,1.125,209,5,0,0,0,0,0,/2,perezmi03
528,Roberto Pérez,34,SFG,NL,5,17,15,0,2,0,0,0,1,0,0,2,6,.133,.235,.133,.369,7,2,0,0,0,0,0,/2,perezro02
529,Salvador Perez,33,KCR,AL,140,580,538,59,137,21,0,23,80,0,0,19,135,.255,.292,.422,.714,94,227,11,13,0,8,6,2D3,perezsa02
530,Blake Perkins#,26,MIL,NL,67,168,143,28,31,7,0,4,20,5,2,23,46,.217,.325,.350,.675,86,50,3,0,2,0,0,98H7/D,perkibl01
531,Jace Peterson*,33,TOT,MLB,133,430,374,35,79,10,4,6,37,15,2,47,101,.211,.304,.307,.611,75,115,7,4,2,3,2,*5H4/D137,peterja01
532,Tommy Pham,35,TOT,NL,129,481,426,55,109,27,3,16,68,22,3,47,106,.256,.328,.446,.774,111,190,11,2,0,6,1,7DH9/8,phamth01
533,Brett Phillips*,29,LAA,AL,39,71,63,9,11,1,0,3,6,3,1,8,36,.175,.268,.333,.601,63,21,0,0,0,0,0,8H/97D1,phillbr02
534,Kevin Pillar,34,ATL,NL,81,206,197,29,45,10,0,9,32,4,1,6,50,.228,.248,.416,.664,74,82,2,0,0,3,0,7H9/8,pillake01
535,Manny Piña,36,OAK,AL,4,12,12,1,3,0,0,1,1,0,0,0,3,.250,.250,.500,.750,108,6,1,0,0,0,0,/2D,pinama01
536,René Pinto,26,TBR,AL,38,105,103,10,26,3,0,6,16,0,0,2,34,.252,.267,.456,.723,97,47,2,0,0,0,0,2/1,pintore02
537,Nick Pivetta,30,BOS,AL,1,0,0,0,0,0,0,0,0,0,0,0,0,,,,,,0,0,0,0,0,0,1,pivetni01
538,Jorge Polanco#,29,MIN,AL,80,343,302,38,77,18,0,14,48,4,0,36,88,.255,.335,.454,.789,115,137,2,2,0,3,0,45D/H,polanjo01
539,AJ Pollock,35,TOT,MLB,54,144,133,15,22,4,0,5,15,0,1,9,32,.165,.215,.308,.524,46,41,1,0,0,2,0,D7H/89,polloaj01
540,Logan Porter,27,KCR,AL,11,38,31,4,6,1,0,1,3,0,0,5,11,.194,.324,.323,.647,80,10,2,1,1,0,0,2,portelo01
541,Nick Pratto*,24,KCR,AL,95,345,306,33,71,16,0,7,35,1,1,29,138,.232,.307,.353,.660,82,108,3,6,0,4,0,37/H9,prattni01
542,Ryan Pressly,34,HOU,AL,3,0,0,0,0,0,0,0,0,0,0,0,0,,,,,,0,0,0,0,0,0,1,pressry01
543,Jurickson Profar#,30,TOT,NL,125,521,459,55,111,27,2,9,46,1,0,50,90,.242,.321,.368,.689,80,169,11,6,0,5,0,7DH/394,profaju01
544,Juniel Querecuto#,30,STL,NL,9,21,20,2,2,1,0,0,0,0,0,1,6,.100,.143,.150,.293,-19,3,0,0,0,0,0,/534H,quereju01
545,Ceddanne Rafaela,22,BOS,AL,28,89,83,11,20,6,0,2,5,3,1,4,28,.241,.281,.386,.666,78,32,2,1,0,1,0,8/H64D,rafaece01
546,Cole Ragans*,25,TOT,AL,1,0,0,0,0,0,0,0,0,0,0,0,0,,,,,,0,0,0,0,0,0,1,raganco01
547,Cal Raleigh#,26,SEA,AL,145,569,513,78,119,23,1,30,75,0,0,54,158,.232,.306,.456,.762,112,234,6,1,0,1,1,*2HD,raleica01
548,Brooks Raley*,35,NYM,NL,1,0,0,0,0,0,0,0,0,0,0,0,0,,,,,,0,0,0,0,0,0,1,raleybr01
549,Luke Raley*,28,TBR,AL,118,406,357,56,89,23,3,19,49,14,3,28,128,.249,.333,.490,.824,126,175,2,18,1,2,0,93D7H8/1,raleylu01
550,Harold Ramírez,28,TBR,AL,122,434,400,58,125,19,2,12,68,5,3,22,79,.313,.353,.460,.813,125,184,7,6,0,6,0,DH/793,ramirha02
551,José Ramírez#,30,CLE,AL,156,691,611,87,172,36,5,24,80,28,6,73,73,.282,.356,.475,.831,131,290,8,1,0,6,22,*5D,ramirjo01
552,Heliot Ramos,23,SFG,NL,25,60,56,5,10,4,0,1,2,0,0,4,20,.179,.233,.304,.537,48,17,1,0,0,0,0,79/H8D,ramoshe02
553,Henry Ramos#,31,CIN,NL,23,86,74,9,18,3,1,0,5,2,1,11,21,.243,.349,.311,.660,80,23,2,1,0,0,0,9/D7H,ramoshe01
554,J.T. Realmuto,32,PHI,NL,135,540,489,70,123,28,5,20,63,16,5,35,138,.252,.310,.452,.762,106,221,10,9,0,5,3,*2/H,realmjt01
555,Rob Refsnyder,32,BOS,AL,89,243,202,31,50,9,1,1,28,7,2,33,47,.248,.365,.317,.682,87,64,8,5,1,1,0,7H8/D9,refsnro01
556,Zach Remillard,29,CHW,AL,54,160,147,16,37,7,0,1,18,4,3,8,48,.252,.295,.320,.615,69,47,3,1,4,0,1,4/H5976D,remilza01
557,Anthony Rendon,33,LAA,AL,43,183,148,23,35,6,0,2,22,2,0,25,27,.236,.361,.318,.678,88,47,6,6,0,4,0,5,rendoan01
558,Hunter Renfroe,31,TOT,MLB,140,548,498,60,116,31,0,20,60,0,0,44,125,.233,.297,.416,.713,91,207,15,3,0,3,0,*9H/D3,renfrhu01
559,Luis Rengifo#,26,LAA,AL,126,445,394,55,104,15,4,16,51,6,4,41,82,.264,.339,.444,.783,111,175,3,6,0,4,0,465H9/78,rengilu01
560,Franmil Reyes,27,KCR,AL,19,65,59,5,11,0,0,2,7,0,0,4,24,.186,.231,.288,.519,42,17,3,0,0,2,0,D/7H9,reyesfr01
561,Pablo Reyes,29,BOS,AL,64,185,167,27,48,9,0,2,20,7,2,14,21,.287,.339,.377,.716,94,63,3,0,2,2,0,64H/53D1,reyespa01
562,Bryan Reynolds#,28,PIT,NL,145,640,574,85,151,31,5,24,84,12,1,53,138,.263,.330,.460,.790,113,264,13,7,0,6,2,*7D8/H,reynobr01
563,Matt Reynolds,32,CIN,NL,2,5,5,1,1,0,0,0,0,0,0,0,3,.200,.200,.200,.400,9,1,0,0,0,0,0,/53,reynoma03
564,Austin Riley,26,ATL,NL,159,715,636,117,179,32,3,37,97,3,1,59,172,.281,.345,.516,.861,128,328,18,9,0,11,4,*5,rileyau01
565,Edwin Rios*,29,CHC,NL,18,34,28,3,2,1,0,1,2,0,0,5,16,.071,.235,.214,.450,23,6,0,1,0,0,0,D/H5,riosed01
566,Alfonso Rivas*,26,TOT,NL,48,123,109,8,25,10,1,3,15,1,0,9,36,.229,.303,.422,.725,97,46,1,3,1,1,0,3/H7,rivasal01
567,Emmanuel Rivera,27,ARI,NL,86,283,257,32,67,13,0,4,29,1,0,22,56,.261,.314,.358,.672,84,92,9,0,0,4,0,5H3/D,riverem01
568,Anthony Rizzo*,33,NYY,AL,99,421,373,45,91,14,0,12,41,0,3,35,97,.244,.328,.378,.706,94,141,10,12,0,1,1,3/D,rizzoan01
569,Luis Robert Jr.,25,CHW,AL,145,595,546,90,144,36,1,38,80,20,4,30,172,.264,.315,.542,.857,128,296,10,12,0,2,5,*8/H,roberlu01
570,Victor Robles,26,WSN,NL,36,126,107,15,32,5,1,0,8,8,1,11,18,.299,.385,.364,.750,110,39,3,4,4,0,0,8,roblevi01
571,Brayan Rocchio#,22,CLE,AL,23,86,81,9,20,6,0,0,8,0,0,4,27,.247,.279,.321,.600,68,26,4,0,0,1,0,6/5H,rocchbr01
572,Brendan Rodgers,26,COL,NL,46,192,178,21,46,9,1,4,20,0,0,11,41,.258,.313,.388,.700,80,69,6,3,0,0,0,4/DH,rodgebr02
573,Endy Rodríguez#,23,PIT,NL,57,204,186,27,41,7,2,3,13,0,0,17,49,.220,.284,.328,.612,67,61,3,0,0,1,0,2H/3D,rodrien01
574,José Rodriguez,22,CHW,AL,1,0,0,1,0,0,0,0,0,0,0,0,0,,,,,,0,0,0,0,0,0,/4H,rodrijo09
575,Julio Rodríguez,22,SEA,AL,155,714,654,102,180,37,2,32,103,37,10,47,175,.275,.333,.485,.818,128,317,14,11,0,2,6,*8/D,rodriju01
576,Jake Rogers,28,DET,AL,107,365,331,47,73,11,0,21,49,1,1,28,118,.221,.286,.444,.730,96,147,6,3,1,2,0,2/HD7,rogerja03
577,Taylor Rogers*,32,SFG,NL,1,0,0,0,0,0,0,0,0,0,0,0,0,,,,,,0,0,0,0,0,0,1,rogerta01
578,Tyler Rogers,32,SFG,NL,1,0,0,0,0,0,0,0,0,0,0,0,0,,,,,,0,0,0,0,0,0,1,rogerty01
579,Johan Rojas,22,PHI,NL,59,164,149,24,45,9,2,2,23,14,1,5,42,.302,.342,.430,.771,111,64,1,4,6,0,0,8H/D,rojasjo03
580,Josh Rojas*,29,TOT,MLB,105,350,314,47,77,17,0,4,40,12,0,27,81,.245,.303,.338,.641,78,106,3,1,2,4,0,45H/D71,rojasjo01
581,Miguel Rojas,34,LAD,NL,124,423,385,49,91,16,1,5,31,8,3,26,48,.236,.290,.322,.612,66,124,12,5,2,5,0,*6H/1D45,rojasmi02
582,Jordan Romano,30,TOR,AL,1,0,0,0,0,0,0,0,0,0,0,0,0,,,,,,0,0,0,0,0,0,1,romanjo03
583,JoJo Romero*,26,STL,NL,1,0,0,0,0,0,0,0,0,0,0,0,0,,,,,,0,0,0,0,0,0,1,romerjo01
584,Brent Rooker,28,OAK,AL,137,526,463,61,114,20,1,30,69,4,0,49,172,.246,.329,.488,.817,130,226,11,10,0,4,1,D97H,rookebr01
585,Ben Rortvedt*,25,NYY,AL,32,79,68,6,8,1,0,2,4,0,0,11,19,.118,.241,.221,.461,28,15,1,0,0,0,0,2/HD,rortvbe01
586,Amed Rosario,27,TOT,MLB,142,545,510,70,134,25,8,6,58,15,2,29,99,.263,.305,.378,.683,89,193,15,3,0,3,0,64H/D,rosaram01
587,Eddie Rosario*,31,ATL,NL,142,516,478,64,122,24,3,21,74,3,4,34,122,.255,.305,.450,.755,100,215,13,1,1,2,1,*7DH,rosared01
588,Eguy Rosario,23,SDP,NL,11,37,36,6,9,1,1,2,6,0,0,1,12,.250,.270,.500,.770,109,18,1,0,0,0,0,5/H4,rosareg01
589,Michael Rucker,29,CHC,NL,2,0,0,0,0,0,0,0,0,0,0,0,0,,,,,,0,0,0,0,0,0,1,ruckemi01
590,Darin Ruf,36,TOT,NL,20,57,49,3,11,3,0,0,3,0,0,8,16,.224,.333,.286,.619,74,14,0,0,0,0,0,D/H3,rufda01
591,Esteury Ruiz,24,OAK,AL,132,497,449,47,114,24,1,5,47,67,13,20,99,.254,.309,.345,.654,88,155,7,16,4,1,1,*87H9/D,ruizes01
592,José Ruiz,28,TOT,MLB,1,0,0,0,0,0,0,0,0,0,0,0,0,,,,,,0,0,0,0,0,0,1,ruizjo01
593,Keibert Ruiz#,24,WSN,NL,136,562,523,55,136,24,0,18,67,1,1,31,58,.260,.308,.409,.717,97,214,13,6,0,2,1,*2D/H,ruizke01
594,Blake Rutherford*,26,WSN,NL,16,36,35,4,6,0,0,0,2,0,0,1,10,.171,.194,.171,.366,3,6,1,0,0,0,0,7/H,ruthebl01
595,Adley Rutschman#,25,BAL,AL,154,687,588,84,163,31,1,20,80,1,2,92,101,.277,.374,.435,.809,128,256,14,2,0,5,6,*2D/H,rutscad01
596,Blake Sabol*,25,SFG,NL,110,344,310,36,73,10,0,13,44,4,2,24,117,.235,.301,.394,.695,91,122,4,6,2,2,0,27HD,sabolbl01
597,César Salazar*,27,HOU,AL,13,19,18,1,2,0,0,0,0,0,0,1,6,.111,.158,.111,.269,-23,2,1,0,0,0,0,/2H,salazce01
598,Gary Sánchez,30,TOT,NL,75,267,240,33,52,9,0,19,47,0,0,21,67,.217,.288,.492,.780,113,118,3,4,0,2,0,2/DH,sanchga02
599,Jesús Sánchez*,25,MIA,NL,125,402,360,43,91,23,3,14,52,3,1,38,107,.253,.327,.450,.777,108,162,12,2,1,1,1,*9H/87D,sanchje02
600,Cole Sands,25,MIN,AL,1,0,0,0,0,0,0,0,0,0,0,0,0,,,,,,0,0,0,0,0,0,1,sandsco01
601,Carlos Santana#,37,TOT,NL,146,619,550,78,132,33,1,23,86,6,0,65,104,.240,.318,.429,.747,103,236,11,0,0,4,0,*3D/H,santaca01
602,Anthony Santander#,28,BAL,AL,153,656,591,81,152,41,1,28,95,5,1,55,152,.257,.325,.472,.797,121,279,11,6,0,4,1,9D3/H7,santaan02
603,Tony Santillan,26,CIN,NL,1,0,0,0,0,0,0,0,0,0,0,0,0,,,,,,0,0,0,0,0,0,/1,santito01
604,Tayler Saucedo*,30,SEA,AL,2,0,0,0,0,0,0,0,0,0,0,0,0,,,,,,0,0,0,0,0,0,1,sauceta01
605,Josh Sborz,29,TEX,AL,1,1,1,0,0,0,0,0,0,0,0,0,1,.000,.000,.000,.000,-100,0,0,0,0,0,0,1,sborzjo01
606,Nolan Schanuel*,21,LAA,AL,29,132,109,19,30,3,0,1,6,0,0,20,19,.275,.402,.330,.732,103,36,1,3,0,0,1,3/DH,schanno01
607,Casey Schmitt,24,SFG,NL,90,277,253,28,52,15,0,5,30,2,1,13,65,.206,.255,.324,.580,60,82,7,5,3,3,0,654H,schmica01
608,Davis Schneider,24,TOR,AL,35,141,116,23,32,12,1,8,20,1,0,21,43,.276,.404,.603,1.008,175,70,2,4,0,0,0,4/D57H,schneda03
609,Jonathan Schoop,31,DET,AL,55,151,136,15,29,8,0,0,7,0,0,13,37,.213,.278,.272,.550,53,37,6,0,0,2,0,45H/D16,schoojo01
610,John Schreiber,29,BOS,AL,2,0,0,0,0,0,0,0,0,0,0,0,0,,,,,,0,0,0,0,0,0,1,schrejo01
611,Kyle Schwarber*,30,PHI,NL,160,720,585,108,115,19,1,47,104,0,2,126,215,.197,.343,.474,.817,122,277,4,6,0,3,5,7D,schwaky01
612,Tayler Scott,31,TOT,MLB,2,0,0,0,0,0,0,0,0,0,0,0,0,,,,,,0,0,0,0,0,0,1,scottta02
613,Corey Seager*,29,TEX,AL,119,536,477,88,156,42,0,33,96,2,1,49,88,.327,.390,.623,1.013,170,297,9,4,0,6,9,*6/D,seageco01
614,Chandler Seagle,27,SDP,NL,1,1,1,0,0,0,0,0,0,0,0,0,0,.000,.000,.000,.000,-100,0,0,0,0,0,0,/DH,seaglch01
615,Jean Segura,33,MIA,NL,85,326,301,25,66,5,2,3,21,6,2,22,47,.219,.277,.279,.556,52,84,12,2,1,0,1,5/H,segurje01
616,Marcus Semien,32,TEX,AL,162,753,670,122,185,40,4,29,100,14,3,72,110,.276,.348,.478,.826,122,320,5,5,0,5,1,*4,semiema01
617,Nick Senzel,28,CIN,NL,104,330,301,49,71,10,0,13,42,6,2,26,74,.236,.297,.399,.696,85,120,9,1,0,2,0,57H89/4D,senzeni01
618,Brian Serven,28,COL,NL,11,23,23,0,3,1,0,0,1,0,0,0,10,.130,.130,.174,.304,-22,4,0,0,0,0,0,2/HD,servebr01
619,Paul Sewald,33,TOT,MLB,2,0,0,0,0,0,0,0,0,0,0,0,0,,,,,,0,0,0,0,0,0,1,sewalpa01
620,Gavin Sheets*,27,CHW,AL,118,344,311,24,63,10,0,10,43,1,0,28,66,.203,.267,.331,.599,63,103,6,1,0,4,2,9H3D/7,sheetga01
621,Braden Shewmake*,25,ATL,NL,2,4,4,0,0,0,0,0,0,0,0,0,1,.000,.000,.000,.000,-100,0,0,0,0,0,0,/6,shewmbr01
622,Zack Short,28,DET,AL,110,253,221,17,45,9,0,7,33,5,0,28,66,.204,.292,.339,.631,73,75,3,0,3,1,0,465H/189D,shortza01
623,Michael Siani*,23,TOT,NL,8,6,5,1,0,0,0,0,0,1,1,1,1,.000,.167,.000,.167,-48,0,0,0,0,0,0,/8HD7,sianimi01
624,Lucas Sims,29,CIN,NL,3,0,0,0,0,0,0,0,0,0,0,0,0,,,,,,0,0,0,0,0,0,1,simslu01
625,Jon Singleton*,31,TOT,MLB,36,105,91,11,15,3,0,2,12,0,0,13,23,.165,.267,.264,.530,48,24,2,0,0,1,0,3H/D,singljo02
626,Jose Siri,27,TBR,AL,101,364,338,58,75,13,2,25,56,12,3,20,130,.222,.267,.494,.761,106,167,5,2,1,3,0,8/HD,sirijo01
627,Austin Slater,30,SFG,NL,89,207,185,24,50,9,0,5,20,2,2,20,58,.270,.348,.400,.748,107,74,2,2,0,0,0,H87/9D,slateau01
628,Dominic Smith*,28,WSN,NL,153,586,527,57,134,21,1,12,46,1,1,47,91,.254,.326,.366,.692,92,193,12,10,0,2,1,*3/HD,smithdo02
629,Josh H. Smith*,25,TEX,AL,90,232,195,29,36,8,1,6,15,1,0,25,55,.185,.304,.328,.633,73,64,3,9,2,1,0,657H/D4,smithjo11
630,Kevin Smith,26,OAK,AL,49,146,135,15,25,4,0,5,11,1,0,5,51,.185,.220,.326,.546,54,44,3,1,5,0,0,65/HD,smithke05
631,Pavin Smith*,27,ARI,NL,69,228,191,26,36,5,0,7,30,1,1,35,45,.188,.317,.325,.642,77,62,3,1,0,0,0,D9H3,smithpa04
632,Will Smith,33,TEX,AL,1,0,0,0,0,0,0,0,0,0,0,0,0,,,,,,0,0,0,0,0,0,1,smithwi04
633,Will Smith,28,LAD,NL,126,554,464,80,121,21,2,19,76,3,0,63,89,.261,.359,.438,.797,114,203,8,15,0,12,2,*2D/H,smithwi05
634,Canaan Smith-Njigba*,24,PIT,NL,15,37,32,3,4,1,1,0,5,1,0,4,16,.125,.216,.219,.435,20,7,1,0,0,1,0,9/H7,smithca05
635,Drew Smyly*,34,CHC,NL,1,0,0,0,0,0,0,0,0,0,0,0,0,,,,,,0,0,0,0,0,0,1,smylydr01
636,Tyler Soderstrom*,21,OAK,AL,45,138,125,9,20,1,0,3,7,0,0,11,43,.160,.232,.240,.472,36,30,6,1,0,1,0,D23/H,soderty01
637,Nick Solak,28,TOT,MLB,2,0,0,1,0,0,0,0,0,0,0,0,0,,,,,,0,0,0,0,0,0,/HD,solakni01
638,Donovan Solano,35,MIN,AL,134,450,394,43,111,26,1,5,38,0,0,40,100,.282,.369,.391,.760,110,154,8,15,0,1,1,3H45D,solando01
639,Jorge Soler,31,MIA,NL,137,580,504,77,126,24,0,36,75,1,0,66,141,.250,.341,.512,.853,128,258,20,6,0,4,4,D9/H,solerjo01
640,Edmundo Sosa,27,PHI,NL,104,300,279,34,70,15,2,10,30,4,2,8,74,.251,.293,.427,.719,95,119,10,9,2,1,0,56H/48,sosaed01
641,Lenyn Sosa,23,CHW,AL,52,173,164,12,33,6,0,6,14,0,1,5,40,.201,.224,.348,.571,53,57,3,0,3,1,1,45/H,sosale01
642,Juan Soto*,24,SDP,NL,162,708,568,97,156,32,1,35,109,12,5,132,129,.275,.410,.519,.930,158,295,18,2,1,5,11,*7/DH,sotoju01
643,Livan Soto*,23,LAA,AL,4,12,9,2,2,0,0,0,0,0,0,3,2,.222,.417,.222,.639,82,2,0,0,0,0,0,/46,sotoli01
644,Carson Spiers,25,CIN,NL,1,0,0,0,0,0,0,0,0,0,0,0,0,,,,,,0,0,0,0,0,0,/1,spierca01
645,George Springer,33,TOR,AL,154,683,613,87,158,25,1,21,72,20,5,60,125,.258,.327,.405,.732,102,248,20,5,0,3,1,*9D/H8,springe01
646,Jacob Stallings,33,MIA,NL,88,276,241,22,46,14,0,3,20,0,0,27,67,.191,.278,.286,.565,54,69,9,3,3,2,0,2/1DH,stallja01
647,Ryne Stanek,31,HOU,AL,2,0,0,0,0,0,0,0,0,0,0,0,0,,,,,,0,0,0,0,0,0,1,stanery01
648,Giancarlo Stanton,33,NYY,AL,101,415,371,43,71,13,0,24,60,0,0,41,124,.191,.275,.420,.695,87,156,11,2,0,1,3,D9/H7,stantmi03
649,Spencer Steer,25,CIN,NL,156,665,582,74,158,37,3,23,86,15,3,68,139,.271,.356,.464,.820,119,270,9,11,0,4,0,3574/DH9,steersp01
650,Michael Stefanic,27,LAA,AL,25,71,62,5,18,2,1,0,6,0,1,8,8,.290,.380,.355,.735,103,22,0,1,0,0,0,4/5HD,stefami01
651,Tyler Stephenson,26,CIN,NL,142,517,465,59,113,20,2,13,56,0,1,47,135,.243,.317,.378,.696,87,176,16,4,0,1,2,2DH/3,stephty01
652,Andrew Stevenson*,29,MIN,AL,25,40,37,4,7,1,0,0,1,4,1,2,8,.189,.250,.216,.466,31,8,0,1,0,0,0,8H/7,stevean01
653,Cal Stevenson*,26,SFG,NL,6,12,9,1,0,0,0,0,0,0,0,3,2,.000,.250,.000,.250,-21,0,0,0,0,0,0,/8,steveca01
654,DJ Stewart*,29,NYM,NL,58,185,160,21,38,8,0,11,26,1,1,15,56,.238,.328,.494,.822,123,79,3,7,1,1,0,9/HD7,stewadj01
655,Trevor Story,30,BOS,AL,43,168,158,12,32,9,0,3,14,10,3,9,55,.203,.250,.316,.566,52,50,2,1,0,0,0,6/DH4,storytr01
656,Bryson Stott*,25,PHI,NL,151,640,585,78,164,32,2,15,62,31,3,39,100,.280,.329,.419,.747,104,245,10,7,1,8,1,*4/HD,stottbr01
657,Kyle Stowers*,25,BAL,AL,14,33,30,1,2,0,0,0,0,0,0,3,12,.067,.152,.067,.218,-35,2,1,0,0,0,0,/97HD,stoweky01
658,Myles Straw,28,CLE,AL,147,518,462,52,110,18,3,1,29,20,6,42,97,.238,.301,.297,.597,69,137,10,2,6,6,0,*8/H,strawmy01
659,Garrett Stubbs*,30,PHI,NL,41,125,113,15,23,4,1,1,12,2,0,9,29,.204,.274,.283,.557,54,32,0,2,1,0,0,2/H7,stubbga01
660,Eugenio Suárez,31,SEA,AL,162,694,598,68,139,29,0,22,96,2,1,70,214,.232,.323,.391,.714,101,234,10,15,0,11,0,*5/D,suareeu01
661,Brett Sullivan*,29,SDP,NL,33,86,81,7,17,3,0,1,6,0,0,4,19,.210,.244,.284,.528,48,23,1,0,0,1,0,2/H5,sullibr01
662,Brent Suter*,33,COL,NL,1,0,0,0,0,0,0,0,0,0,0,0,0,,,,,,0,0,0,0,0,0,1,suterbr01
663,Jack Suwinski*,24,PIT,NL,144,534,447,63,100,21,2,26,74,13,2,75,172,.224,.339,.454,.793,115,203,2,6,0,6,2,*897H/D,suwinja01
664,Seiya Suzuki,28,CHC,NL,138,583,515,75,147,31,6,20,74,6,7,59,130,.285,.357,.485,.842,124,250,8,2,0,7,3,*9/DH,suzukse01
665,Dansby Swanson,29,CHC,NL,147,638,565,81,138,25,3,22,80,9,1,66,154,.244,.328,.416,.744,99,235,9,5,0,2,0,*6,swansda01
666,Domingo Tapia,31,SDP,NL,1,0,0,0,0,0,0,0,0,0,0,0,0,,,,,,0,0,0,0,0,0,1,tapiado01
667,Raimel Tapia*,29,TOT,MLB,64,169,148,28,35,4,1,3,13,10,2,17,40,.236,.317,.338,.655,79,50,2,1,1,1,0,9H7/8D,tapiara01
668,Fernando Tatis Jr.,24,SDP,NL,141,635,575,91,148,33,1,25,78,29,4,53,141,.257,.322,.449,.770,113,258,17,3,1,3,0,*9/8D4H,tatisfe02
669,Mike Tauchman*,32,CHC,NL,108,401,337,64,85,18,0,8,48,7,1,56,86,.252,.363,.377,.739,100,127,3,4,1,3,1,8HD9/7,tauchmi01
670,Leody Taveras#,24,TEX,AL,143,554,511,67,136,31,3,14,67,14,4,35,117,.266,.312,.421,.733,97,215,3,1,3,4,0,*8/HD,taverle01
671,Chris Taylor,32,LAD,NL,117,384,338,51,80,15,1,15,56,16,3,41,125,.237,.326,.420,.746,100,142,2,4,0,1,2,765H/D84,tayloch03
672,Michael A. Taylor,32,MIN,AL,129,388,355,48,78,14,1,21,51,13,1,26,130,.220,.278,.442,.720,94,157,7,3,3,1,0,*8H/D,taylomi02
673,Samad Taylor,24,KCR,AL,31,69,60,11,12,2,1,0,4,8,0,7,22,.200,.279,.267,.546,52,16,1,0,1,1,0,74H/58,taylosa04
674,Tyrone Taylor,29,MIL,NL,81,243,231,36,54,17,1,10,35,9,0,8,55,.234,.267,.446,.713,91,103,10,3,0,1,0,97H/8D,tayloty01
675,Rowdy Tellez*,28,MIL,NL,105,351,311,26,67,9,1,13,47,0,0,35,86,.215,.291,.376,.667,82,117,11,0,0,5,2,3DH/1,tellero01
676,José Tena*,22,CLE,AL,18,34,31,2,7,2,0,0,3,0,0,3,13,.226,.294,.290,.584,65,9,0,0,0,0,0,6/H45D,tenajo01
677,Matt Thaiss*,28,LAA,AL,95,307,262,32,56,6,0,9,31,2,0,36,83,.214,.319,.340,.659,80,89,4,6,0,3,1,2H/D3,thaisma01
678,Alek Thomas*,23,ARI,NL,125,402,374,51,86,17,5,9,39,9,1,19,86,.230,.273,.374,.647,75,140,5,4,2,3,1,*8H/D,thomaal01
679,Cody Thomas*,28,OAK,AL,19,46,42,1,10,3,0,1,2,0,0,4,17,.238,.304,.381,.685,95,16,1,0,0,0,0,9/HD7,thomaco01
680,Lane Thomas,27,WSN,NL,156,682,628,101,168,36,3,28,86,20,5,36,176,.268,.315,.468,.783,114,294,5,11,0,7,0,*98/HD1,thomala02
681,Bubba Thompson,25,TEX,AL,37,60,53,10,9,4,1,0,4,4,2,4,16,.170,.237,.283,.520,41,15,0,1,1,1,0,7H/9D8,thompbu01
682,Trayce Thompson,32,TOT,MLB,72,179,153,17,25,2,0,6,17,2,0,24,77,.163,.285,.294,.579,58,45,1,2,0,0,0,8H97/D,thomptr01
683,Michael Toglia#,24,COL,NL,45,152,141,18,23,5,0,4,9,1,1,10,50,.163,.224,.284,.507,30,40,3,1,0,0,0,39/HD7,toglimi01
684,Justin Topa,32,SEA,AL,1,0,0,0,0,0,0,0,0,0,0,0,0,,,,,,0,0,0,0,0,0,1,topaju01
685,Spencer Torkelson,23,DET,AL,159,684,606,88,141,34,1,31,94,3,0,67,171,.233,.313,.446,.758,105,270,15,6,0,5,1,*3/D,torkesp01
686,Abraham Toro#,26,MIL,NL,9,21,18,4,8,0,0,2,9,0,0,2,5,.444,.524,.778,1.302,252,14,0,1,0,0,0,/5H3D,toroab01
687,Luis Torrens,27,TOT,MLB,18,30,28,1,7,3,0,0,4,0,0,1,9,.250,.300,.357,.657,79,10,0,1,0,0,0,/DH27,torrelu01
688,Gleyber Torres,26,NYY,AL,158,672,596,90,163,28,2,25,68,13,6,67,98,.273,.347,.453,.800,118,270,19,3,0,6,0,*4D/H,torregl01
689,Ezequiel Tovar,21,COL,NL,153,615,581,79,147,37,4,15,73,11,5,25,166,.253,.287,.408,.695,77,237,10,4,2,3,0,*6,tovarez01
690,Taylor Trammell*,25,SEA,AL,22,56,46,7,6,0,0,3,11,0,1,9,22,.130,.286,.326,.612,73,15,2,1,0,0,0,7/DH8,trammta01
691,Alan Trejo,27,COL,NL,82,227,207,24,48,11,0,4,26,5,1,16,51,.232,.288,.343,.631,63,71,3,1,1,2,0,45H/61D,trejoal01
692,Jose Trevino,30,NYY,AL,55,168,157,15,33,4,0,4,15,0,0,8,22,.210,.257,.312,.570,56,49,6,2,1,0,0,2/H,trevijo01
693,Jared Triolo,25,PIT,NL,54,209,181,30,54,9,0,3,21,6,1,24,63,.298,.388,.398,.785,116,72,0,3,0,1,0,54/3HD,triolja01
694,Chadwick Tromp,28,ATL,NL,6,16,16,1,2,1,0,0,1,0,0,0,7,.125,.125,.188,.313,-17,3,0,0,0,0,0,/2,trompch01
695,Mike Trout,31,LAA,AL,82,362,308,54,81,14,1,18,44,2,0,45,104,.263,.367,.490,.858,131,151,4,7,0,2,2,8/DH,troutmi01
696,Cole Tucker#,26,COL,NL,5,10,8,2,4,0,0,0,2,0,0,1,2,.500,.600,.500,1.100,190,4,0,1,0,0,0,/H8D9,tuckeco01
697,Kyle Tucker*,26,HOU,AL,157,674,574,97,163,37,5,29,112,30,5,80,92,.284,.369,.517,.886,142,297,11,3,0,10,9,*9/DH,tuckeky01
698,Brice Turang*,23,MIL,NL,137,448,404,46,88,9,3,6,34,26,4,38,94,.218,.285,.300,.585,62,121,9,1,3,2,1,*46H/D,turanbr02
699,Justin Turner,38,BOS,AL,146,626,558,86,154,31,0,23,96,4,1,51,110,.276,.345,.455,.800,114,254,10,11,0,6,0,D34/5H,turneju01
700,Trea Turner,30,PHI,NL,155,691,639,102,170,35,5,26,76,30,0,45,150,.266,.320,.459,.778,111,293,12,6,0,1,2,*6/D,turnetr01
701,Luis Urías,26,TOT,MLB,52,177,144,18,28,6,0,3,18,0,0,21,41,.194,.337,.299,.636,76,43,4,10,0,0,0,45/H,uriaslu01
702,Ramón Urías,29,BAL,AL,116,396,360,45,95,22,3,4,42,3,1,27,101,.264,.328,.375,.703,98,135,10,8,0,1,0,543H/D,uriasra01
703,Gio Urshela,31,LAA,AL,62,228,214,22,64,8,1,2,24,3,2,10,36,.299,.329,.374,.703,91,80,9,1,0,3,0,53/6H4,urshegi01
704,Enmanuel Valdez*,24,BOS,AL,49,149,139,17,37,8,0,6,19,5,1,8,37,.266,.311,.453,.764,103,63,4,1,0,0,0,4/HD6,valdeen01
705,Ildemaro Vargas#,31,WSN,NL,86,286,262,32,66,13,2,4,31,1,1,19,20,.252,.304,.363,.666,84,95,10,1,3,1,0,54H67/19,vargail01
706,Miguel Vargas,23,LAD,NL,81,304,256,36,50,15,4,7,32,3,2,38,61,.195,.305,.367,.672,81,94,1,4,1,4,1,4H/3D,vargami01
707,Daulton Varsho*,26,TOR,AL,158,581,527,65,116,23,3,20,61,16,7,45,135,.220,.285,.389,.674,85,205,5,4,1,3,0,*78/HD,varshda01
708,Andrew Vaughn,25,CHW,AL,152,615,566,67,146,30,2,21,80,0,0,36,129,.258,.314,.429,.743,101,243,15,11,0,2,0,*3/DH,vaughan01
709,Terrin Vavra*,26,BAL,AL,27,56,49,9,12,0,0,0,5,1,0,5,12,.245,.315,.245,.560,62,12,5,0,2,0,0,9/7HD54,vavrate01
710,Christian Vázquez,32,MIN,AL,102,355,327,34,73,13,0,6,32,1,0,25,82,.223,.280,.318,.598,65,104,11,1,1,1,1,2/3H4D,vazquch01
711,Andrew Velazquez,28,LAA,AL,54,94,81,12,14,3,0,2,3,13,3,10,30,.173,.264,.284,.548,50,23,1,0,3,0,0,6H4/8,velazan01
712,Nelson Velázquez,24,TOT,MLB,53,179,162,35,38,6,0,17,34,0,0,14,51,.235,.302,.586,.888,136,95,3,2,0,1,0,9D/7H8,velazne01
713,Alex Verdugo*,27,BOS,AL,142,602,546,81,144,37,5,13,54,5,3,45,93,.264,.324,.421,.745,100,230,11,6,0,5,1,*9/H,verdual01
714,Alex Vesia*,27,LAD,NL,2,0,0,0,0,0,0,0,0,0,0,0,0,,,,,,0,0,0,0,0,0,1,vesiaal01
715,Will Vest,28,DET,AL,1,0,0,0,0,0,0,0,0,0,0,0,0,,,,,,0,0,0,0,0,0,1,vestwi01
716,Mark Vientos,23,NYM,NL,65,233,218,19,46,5,1,9,22,1,0,10,71,.211,.253,.367,.620,69,80,5,3,0,2,0,D53/H,vientma01
717,Matt Vierling,26,DET,AL,134,530,479,63,125,21,5,10,44,6,6,44,112,.261,.329,.388,.717,96,186,8,5,1,1,1,*9758H/4,vierlma01
718,David Villar,26,SFG,NL,46,140,124,15,18,6,0,5,12,1,1,11,45,.145,.236,.315,.550,51,39,1,4,0,1,0,45/3HD1,villada01
719,Meibrys Viloria*,26,CLE,AL,10,4,3,0,0,0,0,0,0,0,0,1,0,.000,.250,.000,.250,-20,0,1,0,0,0,0,2,vilorme01
720,Daniel Vogelbach*,30,NYM,NL,104,319,275,33,64,8,0,13,48,0,0,42,81,.233,.339,.404,.742,104,111,6,2,0,0,1,DH,vogelda01
721,Luke Voit,32,MIL,NL,22,74,68,5,15,3,0,0,4,2,0,4,27,.221,.284,.265,.548,53,18,3,2,0,0,0,3D/H,voitlu01
722,Anthony Volpe,22,NYY,AL,159,601,541,62,113,23,4,21,60,24,5,52,167,.209,.283,.383,.666,81,207,10,5,1,2,0,*6/H,volpean01
723,Jason Vosler*,29,CIN,NL,20,65,62,6,10,2,1,3,10,0,0,3,25,.161,.200,.371,.571,49,23,0,0,0,0,0,3/51H,vosleja01
724,Joey Votto*,39,CIN,NL,65,242,208,26,42,6,0,14,38,0,0,27,62,.202,.314,.433,.747,99,90,2,7,0,0,0,3D/H,vottojo01
725,LaMonte Wade Jr.*,29,SFG,NL,135,519,429,64,110,14,2,17,45,2,0,76,95,.256,.373,.417,.790,119,179,4,6,4,4,3,*3H7/9D8,wadela01
726,Tyler Wade*,28,OAK,AL,26,55,51,8,13,1,1,0,2,4,0,4,13,.255,.309,.314,.623,80,16,0,0,0,0,0,6/H759D,wadety01
727,Adam Wainwright,41,STL,NL,2,2,2,0,0,0,0,0,0,0,0,0,1,.000,.000,.000,.000,-100,0,0,0,0,0,0,1/HD,wainwad01
728,Christian Walker,32,ARI,NL,157,661,582,86,150,36,2,33,103,11,0,62,127,.258,.333,.497,.830,123,289,13,8,0,8,3,*3/DH,walkech02
729,Jordan Walker,21,STL,NL,117,465,420,51,116,19,2,16,51,7,4,37,104,.276,.342,.445,.787,114,187,9,6,0,2,0,*97/DH,walkejo02
730,Forrest Wall*,27,ATL,NL,15,15,13,6,6,2,0,1,2,5,1,2,4,.462,.533,.846,1.379,264,11,0,0,0,0,0,/H7D89,wallfo01
731,Chad Wallach,31,LAA,AL,65,172,157,18,31,5,1,7,15,0,1,13,57,.197,.259,.376,.635,70,59,5,0,2,0,0,2/HD3,wallach01
732,Matt Wallner*,25,MIN,AL,76,254,213,42,53,11,1,14,41,2,1,28,80,.249,.370,.507,.877,139,108,1,13,0,0,1,79/DH,wallnma01
733,Taylor Walls#,26,TBR,AL,99,349,303,50,61,12,2,8,36,22,1,44,92,.201,.305,.333,.638,79,101,1,1,1,0,0,546/H,wallsta01
734,Jared Walsh*,29,LAA,AL,39,116,104,10,13,4,0,4,11,0,0,11,45,.125,.216,.279,.494,33,29,1,1,0,0,0,3/9HD,walshja01
735,Taylor Ward,29,LAA,AL,97,409,356,60,90,18,0,14,47,4,2,39,80,.253,.335,.421,.756,105,150,9,8,0,6,0,7/H3,wardta01
736,Drew Waters#,24,KCR,AL,98,337,302,40,69,11,5,8,32,16,5,27,107,.228,.300,.377,.677,85,114,4,5,0,3,0,89/D7H,waterdr01
737,Austin Wells*,23,NYY,AL,19,75,70,8,16,6,0,4,13,0,0,3,14,.229,.257,.486,.742,97,34,3,0,0,1,0,2/H,wellsau01
738,Joey Wendle*,33,MIA,NL,112,318,297,33,63,16,3,2,20,7,1,13,67,.212,.248,.306,.554,50,91,8,2,3,3,0,6/H,wendljo01
739,Hayden Wesneski,25,CHC,NL,2,0,0,0,0,0,0,0,0,0,0,0,0,,,,,,0,0,0,0,0,0,1,wesneha01
740,Jordan Westburg,24,BAL,AL,68,228,208,26,54,17,2,3,23,4,1,16,56,.260,.311,.404,.715,100,84,3,1,0,3,0,45H/D,westbjo01
741,Eli White,29,ATL,NL,6,17,14,1,1,0,0,0,0,0,0,2,7,.071,.235,.071,.307,-11,1,0,1,0,0,0,/8H,whiteel04
742,Garrett Whitlock,27,BOS,AL,1,0,0,0,0,0,0,0,0,0,0,0,0,,,,,,0,0,0,0,0,0,1,whitlga01
743,Joey Wiemer,24,MIL,NL,132,410,367,48,75,19,0,13,42,11,4,36,116,.204,.283,.362,.645,76,133,4,5,0,2,0,*89/H7,wiemejo01
744,Alika Williams,24,PIT,NL,46,112,101,7,20,5,0,0,6,0,0,9,35,.198,.270,.248,.518,44,25,2,1,1,0,0,6/H,willial04
745,Luke Williams,26,TOT,NL,11,19,19,1,1,0,0,0,0,4,0,0,7,.053,.053,.053,.105,-71,1,0,0,0,0,0,/H653D71,willilu01
746,Weston Wilson,28,PHI,NL,8,22,16,5,5,0,0,1,2,3,1,6,5,.313,.500,.500,1.000,177,8,0,0,0,0,0,/7H3459,wilsowe01
747,Jesse Winker*,29,MIL,NL,61,197,166,16,33,5,0,1,23,0,0,26,51,.199,.320,.247,.567,60,41,0,4,0,1,0,DH/97,winkeje01
748,Masyn Winn,21,STL,NL,37,137,122,8,21,2,0,2,12,2,1,10,26,.172,.230,.238,.467,29,29,1,0,2,3,0,6,winnma01
749,Patrick Wisdom,31,CHC,NL,97,302,268,43,55,8,1,23,46,4,2,30,111,.205,.289,.500,.789,107,134,4,2,1,1,0,5H3D/794,wisdopa01
750,Brett Wisely*,24,SFG,NL,51,131,120,10,21,5,0,2,8,2,1,9,40,.175,.231,.267,.497,38,32,2,0,1,1,0,48/H716,wiselbr01
751,Bobby Witt,23,KCR,AL,158,694,641,97,177,28,11,30,96,49,15,40,121,.276,.319,.495,.813,120,317,11,4,1,8,1,*6D/H,wittbo02
752,Nick Wittgren,32,KCR,AL,1,0,0,0,0,0,0,0,0,0,0,0,0,,,,,,0,0,0,0,0,0,1,wittgni01
753,Connor Wong,27,BOS,AL,126,403,371,55,87,25,2,9,36,8,2,22,134,.235,.288,.385,.673,80,143,4,6,3,1,0,*2H/4D,wongco01
754,Kolten Wong*,32,TOT,MLB,87,250,224,25,41,6,0,4,27,3,2,18,53,.183,.256,.263,.519,47,59,1,5,0,3,0,4H/D,wongko01
755,Austin Wynns,32,TOT,NL,51,145,130,11,27,6,0,1,10,1,0,9,39,.208,.268,.277,.545,42,36,4,2,3,1,0,2/H,wynnsau01
756,Ryan Yarbrough,31,TOT,MLB,1,0,0,0,0,0,0,0,0,0,0,0,0,,,,,,0,0,0,0,0,0,1,yarbrry01
757,Mike Yastrzemski*,32,SFG,NL,106,381,330,54,77,23,1,15,43,2,2,45,99,.233,.330,.445,.775,113,147,5,3,2,1,3,987H/D,yastrmi01
758,Christian Yelich*,31,MIL,NL,144,632,550,106,153,34,1,19,76,28,3,78,140,.278,.370,.447,.818,124,246,15,3,0,1,7,*7D/H,yelicch01
759,Juan Yepez,25,STL,NL,28,65,60,5,11,1,0,2,2,0,1,4,20,.183,.246,.300,.546,49,18,0,1,0,0,0,DH/79,yepezju01
760,Masataka Yoshida*,29,BOS,AL,140,580,537,71,155,33,3,15,72,8,0,34,81,.289,.338,.445,.783,109,239,20,7,0,2,0,7D/H,yoshima02
761,Alex Young*,29,CIN,NL,2,0,0,0,0,0,0,0,0,0,0,0,0,,,,,,0,0,0,0,0,0,1,youngal01
762,Jacob Young,23,WSN,NL,33,121,107,9,27,7,1,0,12,13,0,10,22,.252,.322,.336,.658,84,36,2,1,3,0,0,8/DH,youngja03
763,Jared Young*,27,CHC,NL,16,47,43,8,8,0,3,2,8,2,0,3,13,.186,.255,.465,.720,88,20,1,1,0,0,0,3/DH,youngja02
764,Seby Zavala,29,TOT,MLB,73,193,175,17,30,4,0,7,18,1,0,12,70,.171,.230,.314,.545,47,55,4,2,2,2,0,2/H1,zavalse01
765,Mike Zunino,32,CLE,AL,42,140,124,11,22,7,0,3,11,0,0,15,61,.177,.271,.306,.578,62,38,3,1,0,0,0,2,zuninmi01